# {"env_id": "LunarLander-v2", "t_start": 1541100751.193989} 
r,l,t
-261.652463,87,1.466724
-91.702578,83,1.535123
-70.419339,77,1.596855
-142.314113,97,1.675162
-79.937121,120,1.772919
-416.320866,89,1.84711
-153.55333,92,1.922754
-145.858331,94,1.999315
-115.303566,69,2.054185
-317.957172,91,2.12695
-180.58115,74,2.187308
-45.331384,74,2.248908
-96.396794,69,2.303868
-159.968946,83,2.37117
-229.205124,80,2.435143
-96.329426,77,2.497531
-190.70456,103,2.583777
-116.815947,108,2.673474
-136.058214,86,2.744964
-151.497758,111,2.836142
-116.795493,135,2.949555
-79.94549,83,3.017519
-160.118772,115,3.112511
-147.309273,111,3.204278
-214.357492,110,3.296355
-151.853946,115,3.393417
-369.321703,74,3.453481
-82.974021,59,3.500516
-217.222995,62,3.549843
-291.207418,84,3.618142
-338.476454,94,3.69544
-138.922693,128,3.803763
-0.17299,123,3.90528
-111.208867,90,3.978277
-123.745672,117,4.076571
-231.112117,131,4.189436
-150.220625,79,4.25325
-203.490049,63,4.304598
-274.948499,98,4.386153
-190.674811,81,4.452777
-245.00401,94,4.530264
-303.388022,125,4.635088
-62.217104,76,4.696693
-59.868072,71,4.754965
-58.864359,64,5.369657
-63.432146,68,5.425219
-118.000297,122,5.525308
-162.399497,94,5.605452
-135.254228,90,5.679926
-107.016942,87,5.750334
-111.403776,79,5.814909
-122.113742,69,5.871178
-89.004886,110,5.963355
-86.774729,64,6.015635
-93.35724,87,6.085755
-100.523808,94,6.164052
-96.99608,107,6.250671
-109.102622,148,6.378814
-353.597055,133,6.489327
-128.130449,89,6.562785
-164.21318,97,6.640666
-302.676147,104,6.725977
-78.926025,117,6.821185
-125.717903,80,6.886739
-210.774258,91,6.961082
-131.795937,94,7.037868
33.274297,106,7.131173
-116.747193,77,7.192997
-123.853406,66,7.245634
-104.651414,70,7.301953
-143.18873,145,7.424907
-138.967521,108,7.517513
-120.031935,67,7.571415
-80.22325,76,7.633345
-362.63666,101,7.714821
-127.833705,72,7.773148
-155.110386,90,7.847999
-78.722529,57,7.89412
-217.859825,113,7.986852
-78.567772,90,8.061159
-97.541358,67,8.115208
-96.718843,130,8.225262
-7.479864,64,8.277615
24.975592,87,8.347383
-257.719679,99,8.426694
-91.352087,63,8.477595
-173.687239,129,8.586959
-82.279673,114,8.683804
-115.864096,94,9.174551
-128.669926,88,9.245106
-100.813097,79,9.309994
-197.69383,114,9.404487
-170.335124,110,9.497129
-111.941,112,9.58945
-101.050907,67,9.643059
-87.803483,58,9.690649
-118.265274,62,9.739908
-111.456651,133,9.852754
-114.089285,81,9.919098
-78.240343,68,9.974737
-95.895332,127,10.084901
-143.399283,98,10.166924
-95.661164,92,10.242832
-95.977771,78,10.306181
-128.345477,68,10.360282
-117.261889,96,10.440134
-57.885433,67,10.494145
-63.164907,127,10.601998
-51.584103,72,10.661008
-132.809331,106,10.749904
-112.012167,113,10.847193
-109.996345,70,10.904539
-119.710091,85,10.975895
-168.727984,96,11.052522
-118.485586,115,11.148656
-95.274481,107,11.241392
-90.176853,71,11.30037
-116.474035,123,11.403994
-65.78261,62,11.461922
-82.659698,54,11.504942
-156.730604,107,11.593438
-134.408135,84,11.661127
-158.979159,61,11.710298
-88.425718,98,11.789688
-113.721492,80,11.854514
-97.450513,102,11.941723
-91.693828,63,11.991876
-92.256998,105,12.080372
-105.019176,113,12.174956
-126.188903,82,12.242469
-131.200663,126,12.349853
-122.803697,79,12.415638
-113.545476,70,12.47284
-77.800861,66,12.946756
-118.813642,84,13.015943
-78.720166,66,13.071041
-108.689229,85,13.140724
-94.72526,77,13.203522
-126.056375,93,13.279845
-23.814912,118,13.378599
-78.919457,137,13.496322
-13.212259,167,13.643959
-88.006079,130,13.755257
-79.003179,67,13.810432
-101.727592,65,13.863986
-186.527557,92,13.93895
-140.981479,96,14.01812
-86.267933,74,14.078966
-167.908308,118,14.178336
-215.368874,108,14.269193
-99.020329,83,14.337745
-207.644424,120,14.441163
-107.382565,83,14.510248
-150.532417,96,14.590127
-219.601206,114,14.685631
-47.360114,104,14.770979
-97.379093,83,14.838714
-215.139338,110,14.93235
-66.150086,130,15.043174
-89.729332,84,15.112473
-175.845769,123,15.215702
9.451518,116,15.320297
-124.198776,133,15.435869
-66.606982,134,15.55237
-93.971231,76,15.613876
-126.572398,105,15.703352
-114.734669,88,15.775441
-109.820104,66,15.827725
-104.312294,69,15.883061
-61.069874,70,15.939348
-118.155992,63,15.98908
-49.644302,88,16.063215
-96.361651,66,16.117708
-214.033936,110,16.209054
-133.834292,114,16.306062
-91.923749,112,16.828179
-90.651275,85,16.900434
-103.03992,97,16.97899
-77.826574,126,17.089373
-195.631555,98,17.174458
-99.201883,66,17.228261
-47.998589,73,17.288068
-121.214218,106,17.374695
-62.526531,115,17.474638
-128.148841,134,17.591484
-98.178727,66,17.644216
-86.241557,92,17.720083
-69.83151,116,17.820428
-69.278702,121,17.924434
-119.000773,95,18.001784
-98.250558,122,18.107156
-102.498807,81,18.172579
2.889786,92,18.249772
-114.589377,158,18.391969
-65.683936,105,18.481653
-44.249946,131,18.597304
-24.145111,134,18.716384
-39.306235,67,18.770885
-162.394954,86,18.841159
-41.854987,168,18.991422
-57.923959,73,19.050871
-57.927762,79,19.117624
-57.847448,69,19.175052
-86.250972,77,19.238631
-72.444463,103,19.327701
-109.364805,120,19.433354
-71.0535,82,19.504108
-115.17634,108,19.59423
-97.688723,103,19.679068
-75.297066,73,19.738317
-88.223451,77,19.801603
-118.507523,95,19.881881
-56.697665,121,19.98376
-121.639769,129,20.093987
-73.860391,74,20.156786
-105.29342,87,20.229659
-86.181182,60,20.278073
-6.290146,203,20.883846
-76.182783,136,21.00364
-47.059163,143,21.124706
-91.775833,85,21.194991
-54.547588,85,21.267175
-80.33423,67,21.323264
-85.67393,72,21.383312
-84.053359,86,21.456457
-106.034428,100,21.539405
-63.636133,101,21.622553
-64.89655,124,21.732636
-105.501395,86,21.804174
-174.432687,72,21.863134
-59.127396,84,21.933461
-74.846438,118,22.033381
-65.570807,71,22.094443
-59.00371,127,22.201528
-74.682103,107,22.294646
-207.320757,107,22.38735
-146.563221,118,22.490657
-3.622054,138,22.609394
-157.419643,106,22.697911
-80.450202,58,22.744416
-133.110256,121,22.846128
-75.054758,111,22.940426
-65.747722,119,23.04391
-62.582671,81,23.111947
-65.918412,83,23.18092
-68.714844,94,23.260631
-80.302096,71,23.319851
-45.201552,77,23.384964
-55.785578,134,23.502294
-154.554204,116,23.600657
-64.119654,129,23.709628
-23.673752,126,23.815778
-101.221919,103,23.902801
-51.821972,119,24.004831
-83.57767,90,24.079811
-47.55301,127,24.18659
-58.784682,114,24.708567
-121.105669,109,24.799047
-60.752671,139,24.920898
-48.906921,67,24.975567
-101.382764,151,25.111834
-46.781059,170,25.264159
-63.777157,124,25.370918
-106.522112,114,25.468337
-59.297254,124,25.573404
-67.635946,95,25.651789
-98.00978,76,25.713649
-67.473915,95,25.792301
-63.409873,123,25.899959
-102.841453,69,25.956358
-59.398337,157,26.095575
-104.124212,86,26.166814
-81.890277,77,26.232623
-26.48357,72,26.292624
-69.630281,84,26.362534
-85.995075,109,26.455786
-25.531463,135,26.574507
-22.763557,81,26.64522
-63.106964,120,26.745673
9.938953,127,26.855677
-104.039635,91,26.929932
-89.15657,94,27.010576
-109.666297,67,27.065452
-96.531739,113,27.159855
-40.201727,67,27.214742
-104.544575,107,27.301503
-76.3434,66,27.357268
-84.096002,131,27.468946
-42.680217,124,27.579465
-49.714695,144,27.706055
-67.814198,72,27.768641
-96.559376,115,27.867457
-37.885827,97,27.950157
-75.663732,130,28.061027
-99.525077,120,28.578056
-41.504317,118,28.678348
-62.706368,100,28.76238
-85.290896,141,28.884449
-95.482029,73,28.946539
-39.166024,110,29.038807
-88.895155,80,29.104951
-56.894211,82,29.172986
-63.334431,124,29.278317
-61.163504,137,29.400891
-74.41693,189,29.572582
-81.13821,97,29.655488
-101.636081,88,29.729023
-39.710777,142,29.8539
-52.777057,127,29.961096
-57.491307,89,30.036563
-90.921238,82,30.103971
-54.293746,111,30.198424
-60.688287,67,30.254209
-40.438647,141,30.383163
-146.994117,164,30.534279
-15.066206,143,30.660164
-65.46505,72,30.719782
-105.563409,127,30.830191
-72.280781,114,30.927865
-105.053439,162,31.073651
-44.940283,157,31.215554
-45.202729,130,31.327912
-38.996405,89,31.40239
-60.739181,78,31.466677
-82.607202,102,31.552633
-95.045544,108,31.641481
-64.357423,102,31.726909
-37.238495,143,31.852768
-51.553533,108,31.943725
-81.054832,66,31.997169
-34.121713,134,32.526066
-120.083854,137,32.643745
-5.93137,88,32.721568
-50.437962,108,32.814011
-105.60817,88,32.886324
-45.176001,111,32.97859
-87.181838,123,33.082191
-18.004583,125,33.188972
-87.024947,107,33.279648
-76.502072,115,33.375217
-106.884964,94,33.457216
-28.597898,68,33.513103
-96.789239,120,33.613245
7.338804,150,33.745199
-99.939482,119,33.849463
-69.038656,117,33.948137
-30.312877,71,34.006604
-58.944167,87,34.078816
-0.63931,69,34.136673
-87.582552,110,34.230628
-54.703974,125,34.339841
-44.35929,73,34.40064
-7.730103,148,34.529822
-101.567454,146,34.658362
-65.318143,97,34.739033
-43.625991,159,34.87858
-54.279202,73,34.939799
-42.269973,115,35.038757
-68.523615,124,35.144062
-54.079539,78,35.209908
-22.846125,66,35.264667
-39.58065,83,35.336878
-50.268394,134,35.450043
-96.856176,106,35.536705
-4.614815,68,35.593677
-15.616733,137,35.718867
-29.722085,133,35.835848
-38.076505,87,35.911139
-22.612919,107,36.425286
-120.157024,147,36.556481
-46.382816,97,36.638457
-44.373711,134,36.754949
-88.326579,120,36.858265
-54.944551,124,36.964881
-100.295729,426,37.523815
-75.969284,130,37.635943
-53.569406,162,37.779015
-30.899448,146,37.904479
-33.758922,66,37.960513
-2.923616,91,38.040608
-58.166882,103,38.127719
-9.280716,117,38.227385
18.98493,93,38.306905
-95.209506,169,38.456725
-62.924966,115,38.551513
-69.23644,84,38.620399
-50.838564,136,38.742215
-14.520593,92,38.819005
-32.977754,109,38.909109
-45.19779,109,39.002023
-37.520366,103,39.092347
-40.112057,116,39.19495
-94.132129,86,39.264876
12.175732,94,39.347887
-74.043962,73,39.40747
-100.499347,154,39.545244
-39.037037,96,39.626111
-82.412862,143,39.749354
-80.464217,92,39.826082
-66.164781,99,39.908762
-105.873215,112,40.003047
-47.519303,125,40.110582
-101.585437,93,40.609977
-50.811665,123,40.715423
-4.958863,134,40.833435
-49.806746,134,40.949217
-35.183503,95,41.031622
-20.392886,102,41.118777
8.29903,89,41.195188
-89.183085,82,41.261506
-58.322137,84,41.33158
-56.812744,123,41.446558
-65.766457,145,41.574277
-65.450349,115,41.670339
-50.114786,82,41.739126
-44.434697,132,41.852968
200.699714,312,42.205562
-52.606631,145,42.329506
-9.236586,92,42.409019
-47.491926,160,42.558751
-29.612348,145,42.686584
-77.583815,92,42.762245
-45.920848,100,42.847666
-32.851215,113,42.946589
10.177632,163,43.090303
-84.621628,151,43.218084
-52.074713,70,43.279082
-32.726917,132,43.393975
-38.07898,156,43.53187
-11.585159,131,43.64529
-120.135106,130,43.753122
-58.688166,193,43.931535
-68.518297,76,43.994967
-59.821874,142,44.119719
-30.756872,115,44.632326
-10.063804,82,44.702527
-67.567131,93,44.782622
-35.028779,114,44.880531
7.742393,132,44.999524
-76.982849,108,45.089193
-21.160125,102,45.178746
-65.784145,97,45.260274
-65.710647,172,45.415015
-33.213675,181,45.579588
-59.676039,114,45.676033
8.394946,164,45.819012
-70.019262,96,45.899808
20.547058,139,46.023624
-23.762625,123,46.131432
-21.321756,95,46.212228
-40.620182,120,46.314757
-87.007893,113,46.408442
2.528318,90,46.485285
-35.264694,137,46.606107
-56.2245,114,46.706195
2.521863,141,46.831338
-62.290693,117,46.932355
-25.351368,126,47.042315
-59.767843,73,47.104491
-26.203285,110,47.198258
-68.848307,82,47.266199
-57.592908,155,47.408625
-55.277143,96,47.488009
-26.090439,136,47.606067
-21.191626,179,47.772166
-58.905131,92,47.852331
-11.522529,132,47.967487
-65.486992,74,48.028333
-42.610517,144,48.156175
-84.926076,233,48.810474
-11.449669,94,48.892355
-14.185474,126,48.99841
-60.618046,161,49.144477
10.533102,151,49.275135
-69.076098,105,49.366285
20.111495,73,49.42722
-148.98129,353,49.84198
22.464163,110,49.937816
-4.543001,128,50.053184
24.504027,113,50.15165
-23.830091,80,50.218283
-55.860831,74,50.279325
-78.246624,103,50.365346
-36.713377,84,50.437746
-156.173628,320,50.801314
-31.572454,155,50.944019
-1.940203,144,51.070735
-19.48607,122,51.176438
-7.482999,109,51.270362
-1.003889,146,51.396381
-33.715988,129,51.506914
20.60113,93,51.587466
-21.457016,96,51.669223
-9.595807,110,51.762715
-64.372804,159,51.902526
-50.248133,139,52.023881
8.082336,100,52.109992
-59.853595,107,52.200908
-33.866696,125,52.311446
-64.010005,148,52.856567
-28.554474,93,52.935236
-19.818946,111,53.032175
-29.769291,109,53.126418
9.907432,156,53.267146
-56.553396,108,53.361167
6.294285,139,53.486134
11.844222,115,53.587421
4.979984,106,53.679139
-26.157883,136,53.796348
-36.014264,103,53.88766
-14.0019,122,53.991207
11.011236,117,54.089705
19.209073,139,54.212514
14.138365,99,54.296921
-48.672498,121,54.403583
-24.116364,184,54.57307
36.471596,78,54.640162
-39.117708,118,54.743727
-8.249563,156,54.880339
-23.935987,155,55.018651
-42.565505,94,55.096611
40.520339,127,55.20856
24.112052,99,55.295909
-36.336403,113,55.392343
-29.421768,138,55.509114
20.071289,123,55.618072
-41.087088,117,55.71667
-32.49757,113,55.812531
-10.221691,120,55.915102
-3.710261,68,55.971066
15.066791,107,56.064976
26.974816,143,56.189445
19.156441,113,56.285908
-1.685993,125,56.816605
4.339699,88,56.892251
47.731352,120,56.997705
-38.085469,77,57.061964
-220.776302,489,57.841339
-44.559381,96,57.925011
-186.061321,330,58.287848
-34.283032,98,58.371851
-37.901763,114,58.469027
-39.123834,125,58.576289
-60.974966,93,58.655545
14.161111,106,58.748483
20.336791,158,58.8888
-34.967957,124,58.997404
-207.701886,517,59.841904
-212.284324,322,60.243374
-223.998712,342,60.667642
11.341684,190,60.849591
13.952688,76,60.915792
32.438836,108,61.012556
-36.47081,155,61.148876
-4.314589,129,61.260396
28.967082,97,61.350446
24.356298,203,61.95795
-33.969654,124,62.062298
-62.149878,208,62.260788
-20.644879,116,62.358441
-33.079232,133,62.475477
-44.852768,196,62.659265
-58.877116,125,62.76444
-34.812974,91,62.845015
-162.775719,234,63.087288
-53.236446,323,63.462316
-3.184019,103,63.551895
-68.279298,103,63.639884
-58.418068,126,63.74856
-19.489963,77,63.813746
-5.644132,121,63.920136
-80.896458,106,64.009714
0.296814,145,64.1376
-286.952465,500,65.017915
-37.703322,101,65.108323
-187.373429,205,65.30225
-147.802063,193,65.492175
-218.038158,458,66.167233
-164.994401,219,66.801856
-30.766758,141,66.928806
-8.245517,114,67.028362
-326.076732,922,69.260643
32.065565,175,69.419763
-17.656306,103,69.508838
-16.045977,110,69.606414
-10.841857,119,69.708616
9.782189,131,69.82257
-143.581848,264,70.109208
-244.545711,579,71.05675
-20.002846,106,71.152124
-134.556346,262,71.424028
-144.151057,251,71.685265
-3.316722,93,71.765253
-231.02931,495,72.674241
1.948989,86,72.747701
46.836473,106,72.841209
-149.064592,307,73.59395
-126.634859,296,73.901607
-221.825289,683,75.124946
-252.213048,430,75.782787
-298.172565,730,77.056674
0.894679,152,77.193749
-163.601641,470,77.935934
19.053461,106,78.030637
29.92408,157,78.170382
-97.362738,221,78.382014
-59.104616,140,78.505148
-258.16683,632,80.126206
-31.042458,175,80.288081
-34.913076,95,80.369307
-141.675791,269,80.648745
-164.998582,452,81.226547
-125.780653,514,82.017101
7.411344,122,82.127749
24.942308,111,82.227138
-229.24433,589,83.4588
-159.53342,347,83.85932
-16.397917,130,83.975008
-162.66082,611,85.088296
-1.364093,146,85.218584
-128.971338,1000,88.530622
-95.870528,1000,91.238013
-199.895023,841,92.793306
-207.030923,999,96.004061
-50.826711,1000,99.147106
-5.462884,168,99.306759
1.842632,131,99.424739
-36.587186,1000,101.053916
-68.50619,1000,102.988194
-124.299122,1000,105.291795
15.507423,104,105.38438
-131.919464,1000,108.452033
-92.094491,1000,110.629306
-133.356559,1000,112.817293
-55.022558,111,112.918448
-41.916602,1000,115.05137
-29.003025,435,116.138258
-13.7776,1000,118.64608
5.022266,134,118.767427
-86.46415,1000,121.131387
-28.858125,1000,123.239665
-30.714116,1000,125.904433
-96.363075,570,126.800335
13.319455,1000,128.962389
-88.476235,1000,130.903629
-48.966287,1000,132.975672
44.131003,1000,135.992607
208.587875,357,136.45205
-33.209249,125,136.568598
197.996879,273,136.881117
190.434597,534,137.70268
176.722287,249,137.981061
82.289321,1000,139.85913
40.186304,261,140.132177
21.234484,1000,142.684906
54.85563,1000,144.749031
-186.304766,580,145.615357
27.81759,1000,147.548491
-42.414666,128,147.662829
-47.254538,152,147.800273
-23.321084,89,147.879946
25.001274,121,147.989439
2.056508,150,148.124624
171.842823,708,149.754229
215.462918,548,150.598107
-132.48708,857,152.287397
117.528508,883,154.655045
-57.924523,270,154.975495
111.017058,506,155.80146
-112.115533,687,157.024884
-9.756615,224,157.665449
-84.749938,552,158.408101
-54.793824,479,159.06783
-10.229205,1000,161.191043
-11.661666,132,161.314088
-26.310338,137,161.436418
86.584078,1000,163.983207
145.431595,978,166.875947
-14.953943,165,167.036082
215.887581,800,168.406885
224.253339,601,169.47034
-18.032914,128,169.590685
-230.687551,532,170.490277
0.79827,1000,172.397713
173.431224,956,174.91246
45.079292,1000,176.882133
118.010972,498,177.733801
123.775763,935,179.889377
92.115188,578,180.951679
203.029911,375,181.447324
79.828946,1000,184.084455
-139.121851,498,184.845755
-191.804481,464,185.410869
-5.138386,278,185.726525
-219.432888,527,186.656719
-10.81947,222,186.878657
26.72845,387,187.370239
186.40998,835,188.835027
178.245287,507,190.065682
183.605105,786,191.667588
211.950733,647,192.821531
117.699563,493,193.485433
-21.098874,294,193.802707
-103.509523,458,194.375597
-157.590269,358,194.774538
-7.856532,198,194.977748
215.605203,518,195.767953
-139.613287,667,197.479468
-113.134359,428,198.033074
232.485794,308,198.428694
-223.071209,655,199.443284
-58.317888,343,199.868084
-209.571998,756,201.200252
-114.272822,467,201.838332
227.205673,283,202.152994
-9.555965,187,202.338854
211.271473,371,203.246605
-0.051569,186,203.419752
210.496472,306,203.781345
12.45201,138,203.908952
-12.648463,122,204.021717
1.411536,174,204.182868
-90.999308,463,204.819024
223.597568,461,205.427087
-115.3981,441,206.034608
106.825423,595,207.025707
138.372335,1000,209.711721
-154.452433,341,210.125016
-36.536363,174,210.290318
-66.317478,291,210.65554
-156.895868,452,211.243786
-18.163055,202,211.453336
236.173585,382,211.93626
151.452946,632,213.190949
137.146265,513,214.016861
242.120256,575,214.965621
70.445836,191,215.145408
194.529877,454,216.278593
-149.824959,802,218.090177
-216.7182,339,218.516986
-14.471983,1000,220.938356
151.188229,535,221.880981
177.317092,832,223.340306
203.286221,971,225.777861
-30.846583,305,226.124607
202.350283,318,226.515879
1.81852,263,226.798218
-2.453463,166,226.956299
111.696038,1000,228.820569
-110.818272,740,230.317005
191.824573,542,231.163354
-353.169693,815,233.131155
-52.657975,314,233.522196
190.032334,481,234.325164
-263.683169,491,235.002766
-9.857432,234,235.238358
194.047064,328,235.689809
186.787901,402,236.314577
-37.771659,236,236.556448
-114.667136,861,238.218199
198.498186,930,240.390373
99.503073,1000,242.331697
58.7162,1000,244.241317
222.768811,343,244.664142
125.311197,504,245.487861
209.185711,475,246.677382
228.011216,260,247.013275
134.907256,587,248.080266
4.75811,197,248.281511
26.411833,158,248.434763
146.30037,611,249.533551
188.7327,438,250.119712
15.07518,179,250.304227
151.68533,548,251.218539
133.823953,604,252.242992
200.628576,739,253.916211
208.508285,467,254.713755
-175.046144,539,255.647568
177.760619,334,256.100547
219.504419,277,256.40236
-16.235879,190,256.58558
183.449615,926,258.620239
-65.793785,360,259.046898
87.244481,1000,261.53938
220.732076,592,262.752996
193.571812,566,263.602174
-378.140126,910,265.103791
-1.751921,1000,267.056307
239.114977,741,268.138997
-160.126022,275,268.843361
147.984478,544,269.597252
15.583008,204,269.802851
218.369235,495,270.706682
-113.714481,390,271.169429
-125.437001,532,271.942433
89.102283,1000,273.687618
-32.965168,222,273.912539
192.129869,332,274.340619
-37.646576,329,275.202387
87.519369,1000,277.41317
-170.096326,556,278.38174
21.832631,201,278.589991
194.491138,470,279.273175
-14.924031,177,279.442954
175.0421,441,280.13381
105.985079,1000,282.134231
11.485028,167,282.715175
42.781451,392,283.295094
-35.716589,194,283.484658
-229.168702,660,284.599272
-20.60544,599,285.799892
-20.39061,168,285.956527
-97.06099,245,286.215406
-103.954632,318,286.5711
173.911865,361,287.035883
205.009205,635,288.180217
-116.66339,472,289.32357
237.90685,255,289.621511
57.901156,1000,291.591531
92.638836,1000,293.733687
208.411069,313,294.110133
-102.123647,401,294.712653
32.173864,283,295.025243
-35.220248,1000,297.220313
62.947465,1000,299.098538
-68.064277,250,299.355413
67.078518,1000,301.610274
207.871113,452,302.275867
230.49522,463,303.030539
191.76006,844,305.186297
215.233713,417,305.830282
47.277695,174,306.00285
-62.432524,354,306.388523
-74.497501,209,306.612079
155.225668,681,307.919465
-112.977803,475,308.6905
162.031689,503,309.530161
155.691958,600,310.615264
58.563962,1000,313.044789
-166.633368,690,314.10203
17.493222,196,314.288827
19.612072,1000,316.27233
131.669116,714,317.562166
35.888039,188,317.743736
-167.641696,245,317.98395
196.21711,612,319.487539
188.397236,453,320.167141
167.200501,607,321.037489
-64.35823,231,321.258013
-157.51733,520,322.051498
236.276307,252,322.325101
52.85666,1000,324.249881
178.084054,574,325.219115
82.411172,1000,327.795815
233.671177,438,328.476497
-438.312739,392,329.029341
200.838481,570,329.908966
-119.749338,319,330.283036
247.632829,498,331.101878
222.009754,250,331.400051
174.78841,509,332.242753
53.754754,1000,334.589001
-135.286746,351,335.052285
57.794259,542,335.951151
-166.646648,535,336.879119
55.811922,806,338.293001
68.149298,1000,340.489195
225.082942,499,341.776669
-91.991142,246,342.024546
-7.961085,173,342.186208
-230.274566,485,342.896961
-69.126555,304,343.251704
229.517324,308,343.623633
213.942402,471,344.373186
212.555755,621,345.654561
-126.751903,322,346.034095
18.747059,1000,348.271775
-2.645004,1000,350.564065
222.664858,509,351.492792
163.953339,940,353.743406
-195.470677,764,355.178225
188.891206,340,355.595309
84.724413,1000,358.217721
197.743923,461,358.864142
188.377385,461,359.472044
-244.612123,741,360.683364
223.193783,348,361.15615
0.297648,465,361.845694
183.791582,452,362.486018
-176.114145,465,363.054468
223.180011,590,364.543146
205.952391,587,365.507344
202.349504,437,366.140908
11.536372,201,366.333835
59.658833,165,366.484886
189.616804,782,367.970586
241.645075,646,369.123713
-196.554027,798,370.517338
249.335697,328,371.365224
179.694159,602,372.369011
191.035125,319,372.781489
-130.787104,235,373.008272
168.382566,768,374.296428
-61.478159,195,374.505949
-118.293072,653,375.47958
170.350237,382,376.033858
100.69986,1000,378.60682
-8.774509,169,378.770688
152.233872,993,381.065789
269.203661,311,381.470168
226.597196,257,381.733921
-13.259685,188,381.91917
241.947348,633,382.983142
-199.998069,572,383.846669
-328.521269,569,384.872155
-418.112546,133,384.998935
269.190386,288,385.722924
216.07264,346,386.196045
111.782359,1000,388.11525
128.185863,1000,389.904651
185.181395,346,390.338671
-196.588618,213,390.55889
148.660586,471,391.263235
191.528203,958,393.705454
258.391717,470,394.364444
126.504879,1000,396.5548
20.133684,164,396.711375
106.486452,1000,398.750564
211.778516,335,399.225949
-333.850372,518,399.963406
-2.179919,280,400.720092
217.312394,337,401.161814
226.522414,686,402.471057
234.816772,217,402.701446
0.253901,151,402.834494
0.217087,165,402.990005
45.945121,155,403.137184
-49.23682,604,404.122052
-284.794771,588,405.075248
258.898792,204,405.295702
257.393205,229,405.535111
183.873556,787,407.284203
114.087633,1000,409.091078
194.709619,359,409.511259
250.204899,772,410.64821
128.838306,1000,412.687953
219.84921,954,415.017387
-449.13327,511,415.85265
107.710157,1000,417.869899
166.663324,396,418.425676
-197.836754,356,418.843396
-75.434127,171,419.005874
-130.999173,594,419.878006
51.015873,162,420.039577
20.686966,151,420.179868
75.43542,1000,422.660576
254.761275,449,423.306565
250.743625,331,423.747812
184.930945,347,424.181963
153.398433,1000,426.130992
-172.596271,406,426.72185
-135.74372,601,427.792504
-112.701289,217,428.017251
-156.179073,267,428.286155
237.195129,296,429.069556
-444.119675,499,429.768076
-143.385059,846,431.363048
39.495749,140,431.510363
-26.251626,161,431.658308
196.856094,404,432.207931
209.175755,830,434.022726
40.20647,156,434.163795
-220.842006,191,434.358757
36.330953,92,434.442828
22.612109,158,434.585932
241.803274,227,434.819147
100.761096,1000,437.328453
213.777535,229,437.589718
-5.918867,136,437.709269
260.13252,318,438.128304
78.062749,816,439.609028
16.270906,161,439.760691
93.783822,978,441.895296
218.411565,785,443.976041
128.291291,1000,445.680697
12.700814,130,445.798415
-16.676559,175,445.96494
236.79605,252,446.237257
17.567989,152,446.376797
98.891681,1000,448.134012
-46.230164,230,448.366771
0.683217,153,448.504616
108.882511,1000,450.504545
111.072396,1000,452.459861
111.148216,1000,454.433243
-89.5817,397,454.928699
-9.5889,159,455.075078
130.955436,1000,456.956679
23.851778,187,457.137422
-85.490098,703,458.64022
113.875309,1000,460.47151
131.874809,1000,462.255921
231.913861,267,462.58329
-133.928928,379,463.029194
169.218131,382,463.510868
166.175135,496,464.184289
231.186324,255,464.883518
114.612714,1000,467.035231
13.064362,125,467.150978
119.040237,1000,468.938957
226.906555,229,469.210392
124.593721,690,470.500342
252.395683,212,470.728682
129.548018,1000,473.168894
239.95617,863,474.574231
159.947554,1000,476.120118
132.571097,1000,478.23058
59.092255,1000,480.469812
132.907281,1000,482.291296
236.004782,224,482.531759
161.112299,1000,484.732926
104.047642,1000,486.753047
115.35903,1000,488.88116
119.561389,1000,490.961287
262.191407,798,492.549438
172.06208,403,493.029612
249.803914,230,493.312865
87.300653,611,494.305629
158.156081,1000,496.317704
113.360708,1000,498.457166
233.890401,245,498.716738
130.451547,1000,500.678027
116.287227,1000,502.437767
138.783971,1000,504.778929
97.185912,1000,506.765721
170.962555,938,508.491226
105.367175,1000,510.099901
38.094923,121,510.213283
100.261433,1000,512.3472
103.715651,1000,514.34221
76.5392,1000,516.148764
99.67038,1000,517.895055
161.987583,1000,520.217144
5.691986,196,520.414913
103.70953,1000,522.564894
257.590588,325,522.911357
163.998788,1000,524.75684
27.824147,147,524.891532
24.036238,125,525.004744
75.291154,1000,526.81413
-3.443586,155,526.957457
104.751372,1000,529.151887
2.485123,214,529.35689
161.175854,1000,531.245816
-28.244584,154,531.389396
107.38293,1000,533.22026
21.309723,107,533.317384
122.919991,1000,535.467155
101.281455,1000,537.135976
48.620735,100,537.229031
185.705503,430,537.851398
138.215754,1000,539.567374
50.161122,140,539.686558
150.221409,1000,541.491512
247.717827,583,542.863501
138.632129,1000,544.553761
222.521849,288,544.899568
231.650149,234,545.152563
16.464208,144,545.288189
105.229769,1000,547.385975
157.361533,1000,549.587076
4.803175,211,549.790178
146.518066,1000,551.68962
40.789309,98,551.778086
233.124524,406,552.316029
151.445288,1000,554.359404
147.468264,1000,556.223911
87.862911,120,556.338487
114.624471,1000,558.869726
243.059428,251,559.164956
143.155044,1000,560.814588
156.254669,648,561.793159
19.715485,222,562.006129
265.692329,244,562.266641
55.043909,1000,564.529135
144.908928,441,565.126452
7.803998,108,565.224706
59.964778,120,565.334806
236.568388,267,565.621582
23.772029,110,565.719079
152.584598,438,566.27196
13.167552,183,566.449731
-79.753076,66,566.507838
39.646925,87,566.588094
173.285216,685,567.731925
-13.362536,141,567.856603
18.727732,89,567.936008
-3.058226,136,568.058444
37.222243,190,568.235507
24.59626,94,568.321308
271.488452,994,570.41601
207.649401,251,570.676721
63.767143,138,570.804967
-12.262922,130,570.922677
44.215876,106,571.017656
120.916415,1000,572.893407
28.937361,136,573.015662
1.547092,150,573.161589
13.982508,175,573.330415
30.55876,135,573.456475
-32.428538,178,573.625537
159.315922,1000,575.336583
219.257671,233,575.584579
132.115863,1000,577.687502
2.760434,144,577.818631
-65.439927,1000,579.711354
218.93866,536,580.611709
119.596982,1000,582.454341
12.454238,110,582.556467
116.068618,1000,584.821562
213.264899,902,586.367106
15.967513,98,586.458742
135.498009,1000,588.43168
-37.156428,103,588.526262
-11.566886,114,588.626699
239.361311,294,588.989439
110.010209,1000,590.818957
154.352747,1000,593.108247
259.302037,321,593.535685
146.693941,1000,595.433346
159.932092,394,595.963243
192.651807,290,596.292751
181.732317,1000,598.194531
168.299099,1000,600.196154
200.0188,643,601.30207
45.352446,209,601.504206
160.074088,1000,603.25639
139.096275,1000,604.973082
193.341889,307,605.34244
148.440171,1000,607.544518
79.469256,1000,609.251564
231.992176,418,609.873809
60.852188,1000,611.759281
127.983907,1000,614.035193
-57.401947,361,614.444197
-53.695553,429,614.975507
113.358811,1000,616.832631
130.531482,1000,618.964581
-44.069961,136,619.091969
224.730778,271,619.398061
104.279432,1000,621.654711
-9.519812,179,621.829684
140.127876,1000,624.010779
126.973205,1000,625.912197
12.203857,166,626.065686
245.101851,273,626.38096
135.296942,1000,628.4086
191.924641,983,630.755436
193.952976,651,631.813249
150.152427,1000,633.973618
-179.568895,368,634.452229
237.814923,256,634.723308
67.648626,1000,636.629728
5.538886,175,637.22148
19.081591,1000,639.221556
145.937543,1000,640.922152
135.443179,1000,642.863589
212.139471,342,643.280498
133.134879,1000,645.420347
160.887679,1000,647.246703
104.979358,1000,649.199245
206.05974,284,649.537618
133.995785,1000,651.3415
102.546788,1000,653.698723
23.314878,1000,655.380569
138.271186,1000,657.102423
-73.585085,232,657.32017
118.02729,1000,659.568215
138.788326,642,660.928072
137.409605,1000,663.174617
263.509174,251,663.448354
116.319265,1000,665.249525
147.255275,990,667.048011
103.729411,1000,669.05625
182.517449,349,669.497585
230.048668,356,670.041584
-147.580572,877,671.384908
53.716513,163,671.548124
189.5283,355,672.019409
185.912535,305,672.407709
-47.297924,237,672.653205
208.900125,275,672.976191
-20.096065,247,673.229392
164.299882,1000,675.549933
151.042218,1000,677.460712
146.914398,1000,679.498994
197.156506,341,679.961876
103.740643,1000,681.781931
5.667332,158,681.93786
126.139736,1000,684.436297
103.025933,1000,686.429384
115.537722,1000,688.452614
116.167214,1000,690.878701
129.256508,1000,693.271781
109.892666,1000,695.506114
-21.8673,182,695.687713
126.568458,1000,697.068936
159.781635,1000,698.777087
132.787533,1000,701.215926
54.247142,139,701.350044
191.14738,1000,702.884346
24.252203,139,703.010911
78.341876,1000,704.524154
123.708761,1000,706.707523
-21.969835,226,706.947039
48.657347,188,707.125247
102.786366,1000,709.211734
122.748984,1000,710.804221
197.733482,221,711.046622
137.618608,1000,712.73623
90.401931,1000,715.064312
220.888955,456,715.617815
226.517491,225,715.86617
-49.136084,291,716.196256
94.968768,1000,717.871757
-12.690865,83,717.95033
6.660077,187,718.131372
34.880529,102,718.223616
85.676043,1000,719.836995
69.537806,1000,722.179482
-68.679029,240,722.454276
-233.763246,159,722.607177
-7.2484,189,722.786964
104.310193,1000,724.833621
-18.987949,206,725.035334
272.369631,288,725.349346
-46.596937,313,725.721929
40.27532,177,725.896183
27.875663,146,726.028429
117.98245,1000,728.191443
155.088845,1000,729.988094
8.123449,191,730.174812
128.841291,1000,731.438043
179.387364,392,731.951741
-22.66452,1000,733.611894
202.263039,544,734.793672
146.942598,1000,736.578846
56.102438,125,736.696931
9.52566,100,736.788933
-3.937138,92,736.87099
120.170126,1000,739.12295
135.397124,1000,741.129091
225.728269,400,742.12958
62.890976,1000,744.039553
31.989372,181,744.213496
-8.507936,210,744.440557
7.4152,206,744.638666
154.10078,1000,746.68473
114.251951,1000,748.128555
-29.750464,247,748.381149
95.805514,1000,750.361847
143.159352,1000,752.159204
110.196891,1000,754.167857
-148.817687,648,755.162477
91.635032,1000,757.089468
116.964008,1000,758.903475
168.494813,1000,760.618202
136.190422,1000,762.47058
161.351976,1000,764.714137
148.743343,1000,767.022713
130.022084,1000,769.193727
62.046375,1000,770.712267
213.336933,244,770.981861
-5.434842,145,771.122135
53.935731,90,771.204838
17.292402,110,771.30554
250.947283,252,772.021904
78.593943,1000,774.060666
80.296895,1000,775.831972
16.96084,1000,777.359505
109.2423,1000,778.778856
215.112604,441,779.961359
101.753763,1000,781.447396
244.646342,271,781.747427
102.003833,1000,783.427424
213.120241,256,783.717365
59.627504,1000,785.704109
-57.634302,375,786.581005
135.761681,1000,788.217937
161.592528,780,789.2898
131.802054,1000,791.025167
98.261279,1000,792.589965
-0.401794,169,793.174452
136.888067,1000,795.361044
181.286924,1000,797.041754
118.475511,1000,799.214812
217.459206,251,799.506128
-27.423623,212,799.706785
-26.915717,169,799.867188
148.41335,1000,801.81819
117.081001,1000,803.444603
60.991424,151,803.593188
108.140489,1000,805.122921
95.999287,1000,807.030579
116.53498,1000,809.27753
44.638287,1000,811.488835
-304.519387,299,811.813808
216.947947,674,812.963382
31.956053,171,813.129588
226.503261,249,813.414517
118.546396,1000,814.894928
82.496649,1000,816.596408
158.751574,1000,818.196467
227.988984,264,818.516634
143.113052,1000,820.00536
217.472208,291,820.315341
234.836919,323,820.735273
124.882716,1000,822.969086
-31.935723,140,823.093998
138.338278,1000,824.936902
120.366166,1000,826.383435
-25.406879,146,826.527755
216.822257,337,826.95985
100.625167,1000,828.807761
239.702476,304,829.147967
217.034986,258,829.449606
108.920463,1000,831.347606
-45.482121,191,831.524347
106.317064,1000,833.390731
92.053224,1000,835.086573
-15.645545,174,835.678747
14.310109,197,835.877323
214.285157,517,836.745804
121.073776,1000,838.482401
-5.151314,160,838.634363
167.139303,384,839.097064
126.005664,1000,841.129301
85.080086,1000,843.418605
218.199795,285,843.776176
244.277278,311,844.112923
134.618645,1000,845.797185
115.133178,1000,847.898742
244.923351,674,849.072265
109.920991,1000,850.89665
202.566995,642,851.98583
117.372963,1000,854.14952
102.828372,1000,855.649975
-56.609497,242,855.892451
119.990012,1000,857.931698
97.51627,1000,859.367532
125.8779,1000,861.095539
139.730476,1000,862.652372
72.325579,1000,864.71781
120.932049,1000,866.761894
146.4329,1000,868.715559
-10.373573,204,868.918357
136.818736,1000,871.04202
107.651452,1000,873.249833
151.494327,1000,875.144952
95.463792,1000,876.902272
139.570523,1000,878.671246
60.936937,145,878.812429
-118.475715,277,879.111593
252.211653,319,879.498672
78.442133,1000,881.995355
88.578469,1000,884.174643
133.376576,1000,885.863731
112.600694,1000,887.672642
124.10878,1000,890.186545
109.068642,1000,891.780706
98.08499,1000,893.587209
86.482376,1000,895.311613
239.976782,234,895.551238
261.427785,989,897.65056
135.597514,1000,899.623505
45.185203,188,899.810859
26.544409,137,899.933394
109.076687,1000,901.643624
95.836277,1000,903.48432
242.465662,253,903.798473
156.337653,1000,906.031045
120.415071,1000,907.838459
144.818549,1000,909.815053
208.006881,317,910.169906
121.869965,1000,912.610838
101.628017,1000,914.525138
89.640918,1000,916.602416
230.969684,269,916.895851
46.640069,220,917.12808
188.669404,599,917.820898
225.296509,329,918.26719
106.594343,1000,920.598223
123.648665,1000,922.066103
122.372376,1000,924.128519
103.744531,1000,926.346049
-31.231021,196,926.952991
217.836952,530,927.875818
79.263729,1000,929.434464
162.331051,980,931.883672
56.761943,1000,933.865247
120.318921,1000,936.53764
228.564714,216,936.774135
11.243814,162,936.934262
101.715196,1000,938.70408
-19.16265,120,938.815908
140.23928,1000,940.701707
216.436059,295,941.024295
229.690401,292,941.343428
133.283094,1000,943.717034
147.342862,1000,945.422562
147.704396,1000,947.082762
103.776723,1000,949.118074
94.584746,1000,951.234151
62.292201,1000,952.86618
12.574336,259,953.133291
198.218018,237,953.375663
237.035975,985,955.540349
119.452608,1000,957.376014
110.159565,1000,959.47683
81.899976,1000,961.57271
171.500365,399,962.056153
105.64049,1000,963.845928
115.025337,1000,966.609414
257.046099,240,966.892286
209.253909,314,967.233183
162.566091,1000,969.195282
73.629971,1000,971.798108
234.00961,240,972.061768
204.268815,300,972.444783
226.332721,274,972.770586
214.219268,284,973.120205
168.759475,1000,975.525778
242.030634,315,975.923422
143.706195,1000,977.701056
118.787022,1000,979.67899
184.193231,682,980.808047
-117.559895,205,981.004632
76.580468,1000,983.394397
241.18078,341,983.774748
117.900869,1000,985.775712
206.711619,258,986.071863
213.925304,277,986.383817
16.573553,152,986.527304
211.538043,258,986.836745
-129.235955,373,987.234159
113.342944,1000,989.896029
158.325966,1000,991.846169
25.569079,222,992.058958
142.664618,1000,993.710082
111.41812,1000,995.817012
94.677607,1000,998.407913
229.232182,278,998.769431
10.19537,149,998.901717
213.854623,262,999.197277
228.10579,303,999.558725
131.171161,1000,1001.583952
220.886767,312,1001.955852
224.873484,291,1002.282106
101.802381,1000,1004.419757
227.742245,339,1005.270777
123.590308,1000,1006.708937
113.62264,1000,1008.794389
107.91924,1000,1011.183997
-37.710611,219,1011.403471
136.588196,981,1014.020854
227.298901,389,1014.521212
211.812496,641,1015.449903
243.233478,401,1016.044148
139.940956,1000,1018.785802
126.914296,1000,1020.450754
-89.726935,531,1021.554524
234.802964,578,1022.398079
187.188512,333,1022.800028
118.972875,1000,1025.014727
220.788089,290,1025.359545
116.536985,1000,1027.230108
125.346557,1000,1030.037604
219.230886,306,1030.407072
107.92032,1000,1032.441953
125.218985,1000,1034.189831
109.440445,1000,1036.369622
125.682932,1000,1038.704885
213.584115,331,1039.120459
184.826514,297,1039.491086
227.501297,665,1040.668293
116.521416,1000,1042.445956
224.023219,713,1043.538761
-132.908458,259,1043.847689
180.78686,1000,1045.923123
-15.046351,253,1046.179484
240.014757,211,1046.400891
-18.483499,240,1046.665456
144.187436,1000,1048.718842
106.801869,1000,1050.438549
209.752089,475,1051.291755
126.473727,1000,1053.574106
-9.338465,245,1053.830545
90.700682,1000,1055.662426
-2.832993,201,1055.874273
208.518347,279,1056.208442
242.428643,307,1056.572454
41.832011,235,1056.821306
-54.54836,225,1057.054738
224.375065,667,1058.481949
122.019121,1000,1061.120921
118.087728,1000,1063.287241
219.855675,263,1063.571533
222.998843,828,1065.121935
91.775049,1000,1067.036783
-11.714762,168,1067.19982
10.709015,217,1067.861963
249.240456,217,1068.117451
237.127156,263,1068.425063
209.892126,413,1069.053017
92.728022,1000,1071.096858
199.139975,405,1071.679203
245.047738,397,1072.144261
205.711336,252,1072.414834
116.591637,1000,1074.880034
105.285956,1000,1076.641393
14.052553,306,1077.011609
200.528634,361,1077.404665
131.55359,1000,1079.526337
221.935632,315,1079.95788
44.251526,1000,1081.966886
136.912324,1000,1084.125087
6.487296,179,1084.301522
211.959913,372,1084.801708
1.934024,156,1084.950227
100.005683,1000,1086.767375
140.73619,1000,1088.720377
204.335209,355,1089.133004
140.500214,1000,1091.727523
131.038038,1000,1094.00484
-13.343955,286,1094.313627
208.718834,349,1094.733684
-7.485276,404,1095.311919
136.861038,1000,1096.947387
114.147985,1000,1099.526996
110.239186,1000,1101.959833
189.761214,431,1102.552331
116.192919,1000,1104.715572
107.096404,1000,1107.659938
-66.345207,392,1108.107767
163.04003,557,1108.910416
119.350559,1000,1110.972535
110.675209,1000,1112.616855
142.293191,1000,1115.389876
144.292312,1000,1117.560831
108.255753,1000,1119.555168
216.01699,348,1119.968273
127.493346,1000,1121.72613
202.044113,294,1122.093451
109.285487,1000,1125.047032
61.404729,1000,1127.040372
110.680078,1000,1129.194237
72.691128,1000,1131.775655
130.303547,1000,1133.936834
-167.889926,729,1134.94833
122.762874,1000,1137.243721
-15.231191,1000,1139.615859
198.188111,283,1139.954203
216.03043,340,1140.357492
0.711092,184,1140.543421
15.477812,242,1141.226741
225.509987,928,1143.088904
-11.301352,279,1143.37414
-47.5588,331,1143.749989
71.931007,1000,1146.046645
196.14689,333,1146.478451
9.512719,209,1146.700125
-55.810006,317,1147.032683
115.591205,1000,1149.322952
-103.570339,602,1150.159575
5.887406,296,1150.479825
112.410577,1000,1152.33994
99.049191,1000,1154.443083
-38.707571,822,1156.378889
119.210564,1000,1158.505263
53.047915,1000,1160.015595
121.635873,1000,1162.565601
109.80247,1000,1164.828604
103.511419,1000,1167.048022
181.30392,469,1167.857824
92.33393,1000,1169.730699
104.477006,1000,1171.915008
208.98395,348,1172.385337
198.833805,954,1175.043476
203.006444,504,1175.869599
229.05048,414,1176.369347
207.327726,664,1177.819479
108.930157,1000,1180.045421
131.586438,1000,1182.581081
230.150598,230,1182.822127
85.35791,1000,1184.540586
120.400668,1000,1186.313738
135.099584,1000,1188.91361
120.288853,1000,1190.973275
42.948352,1000,1192.622772
-8.58797,178,1192.79963
114.690578,1000,1194.624876
132.241039,1000,1196.781293
-56.500194,821,1198.419381
105.138692,1000,1200.468298
221.357375,211,1200.688144
123.67558,1000,1202.358172
105.751766,1000,1204.446504
7.555599,226,1204.678468
-17.453153,349,1205.096456
122.183889,1000,1207.370098
137.081656,1000,1209.038888
220.593346,335,1209.411924
135.237272,1000,1211.398463
110.098715,1000,1213.810791
136.384945,1000,1215.774984
137.854879,1000,1218.115287
169.730129,1000,1220.26596
202.721018,922,1221.930916
180.624063,346,1222.796138
-12.794319,247,1223.066734
113.150546,1000,1225.026852
112.323804,1000,1226.970316
101.64753,1000,1228.71529
36.248437,183,1228.898
129.801501,1000,1230.846258
-24.005721,230,1231.084311
-143.407029,533,1231.95708
126.496569,1000,1234.076115
96.67868,1000,1236.261821
119.048614,1000,1238.408389
166.197535,1000,1240.126463
120.375659,1000,1241.969312
137.787496,1000,1243.728652
133.989344,1000,1245.990498
92.467974,1000,1248.250404
135.991658,1000,1250.509115
107.279713,1000,1252.38725
106.097614,1000,1254.331924
21.995771,1000,1256.210971
188.981937,442,1256.824177
232.580795,227,1257.079268
104.517509,1000,1259.429114
-8.0691,233,1259.681195
-1.43981,249,1259.947859
219.754617,275,1260.270624
140.408301,1000,1262.391028
168.100422,368,1262.904111
131.341932,1000,1264.765688
-4.234474,239,1265.024815
244.822294,311,1265.451022
145.862416,1000,1267.315421
253.208206,280,1267.631243
197.357212,552,1268.91905
-4.17404,281,1269.228657
87.750624,1000,1271.667538
117.191677,1000,1273.536453
267.190858,274,1273.85056
3.478404,120,1273.955297
107.094667,1000,1276.201974
118.542242,1000,1278.54689
219.291768,362,1278.981101
151.939514,1000,1281.176073
101.309363,1000,1283.347991
170.885287,328,1283.764911
110.884363,705,1285.137655
118.552993,1000,1288.113443
217.133933,293,1288.434873
154.115497,1000,1290.408827
192.433642,509,1291.076635
162.734006,1000,1292.831281
-13.420324,282,1293.143056
152.542823,1000,1295.875853
150.873615,1000,1298.088935
181.428742,728,1299.458661
137.987736,1000,1301.339574
134.731157,1000,1303.897093
76.73164,1000,1306.519037
141.722017,1000,1308.727815
189.155934,863,1310.627523
117.045992,1000,1312.820249
123.588949,1000,1314.499161
151.19471,1000,1316.585988
129.385449,1000,1318.405678
257.317453,302,1318.8111
145.054653,1000,1321.013813
153.254349,1000,1322.768719
164.144174,1000,1324.503525
129.525558,1000,1326.470295
-11.885779,257,1326.750555
159.904096,1000,1328.671466
-29.92013,222,1328.907097
119.802052,1000,1330.927466
140.926066,1000,1333.089154
115.406828,1000,1335.091494
128.817658,1000,1337.466514
109.611629,1000,1339.523541
256.491431,298,1339.8979
96.438807,1000,1341.703731
117.056948,1000,1344.473937
187.2173,843,1346.259264
141.03962,1000,1347.923604
145.235318,1000,1349.862294
161.059561,1000,1351.492738
137.466673,1000,1354.033834
119.602887,1000,1356.116273
128.056841,1000,1358.950155
152.348844,1000,1360.99395
161.242175,977,1363.654873
122.560048,1000,1365.506635
115.552245,1000,1367.378267
105.551632,1000,1369.3859
115.878206,1000,1371.683967
121.976716,1000,1373.576647
131.972174,1000,1375.363789
126.806316,1000,1377.302249
126.803713,1000,1380.042325
120.731274,1000,1382.522535
63.652378,179,1382.695585
156.462204,1000,1384.913581
137.657789,1000,1386.811148
247.382879,236,1387.087663
211.975067,312,1387.887572
137.443775,1000,1390.010275
128.449052,1000,1392.004141
124.79863,1000,1394.003189
125.040702,1000,1396.341795
164.261724,1000,1397.946634
35.87046,171,1398.109888
-15.36752,173,1398.280759
16.329949,160,1398.43778
109.169734,1000,1400.349904
284.750725,311,1400.693562
154.564765,1000,1402.301898
116.569052,1000,1405.236264
244.021157,241,1405.50735
143.220361,1000,1407.313
223.369463,310,1407.708986
180.0378,508,1408.527359
121.356843,1000,1410.376175
211.600545,313,1411.185178
122.797691,1000,1413.067198
133.906395,1000,1414.965834
0.014292,186,1415.152374
-32.111798,204,1415.359653
-1.907065,440,1415.911617
124.795208,1000,1417.718178
-0.738671,280,1418.453442
129.740928,1000,1420.760001
144.441402,1000,1422.632216
140.069291,1000,1424.583455
98.876255,1000,1426.363824
121.584422,1000,1429.049635
96.218036,1000,1431.379067
109.399257,1000,1433.746739
112.432801,1000,1435.746992
127.697186,1000,1438.795475
63.164617,1000,1441.36363
103.275596,1000,1443.752445
131.383634,1000,1445.978379
243.073453,393,1446.94417
74.365722,1000,1449.493143
115.717683,1000,1451.095841
143.199849,862,1452.776924
17.579622,160,1452.928665
15.414725,176,1453.101523
250.186679,893,1455.176636
151.029384,1000,1457.006041
132.887422,1000,1459.131649
100.011184,1000,1461.054929
-11.34512,179,1461.23387
98.820212,1000,1463.368964
106.567173,1000,1465.297606
137.311389,1000,1467.159947
124.436627,1000,1469.434762
138.610529,1000,1471.600607
108.094756,1000,1473.355412
152.796647,1000,1475.414394
134.171383,1000,1477.512112
238.982658,294,1477.884306
122.062911,1000,1480.692648
148.243244,1000,1482.358767
145.190162,1000,1484.228703
-26.019827,276,1484.557522
249.234575,548,1485.392582
104.955174,1000,1487.614375
100.505955,1000,1489.583542
142.6532,1000,1491.491508
139.159017,1000,1493.344831
132.881539,1000,1495.42772
111.484618,1000,1497.666512
133.450884,1000,1499.370549
107.406349,1000,1501.707597
253.192928,280,1502.038425
132.840417,1000,1504.473524
107.519213,1000,1506.510715
123.147442,1000,1508.679269
143.762971,1000,1510.393209
159.942378,1000,1512.91207
14.15591,219,1513.14074
214.879856,338,1513.528503
5.022567,306,1513.912237
131.040337,1000,1516.046647
263.368506,365,1516.515983
148.144509,1000,1518.776002
-3.044661,219,1518.997737
250.699858,267,1519.295479
76.067649,1000,1521.483567
141.314744,1000,1523.334496
-15.060127,254,1523.595723
147.847593,1000,1526.018498
158.886479,1000,1528.03793
128.672213,1000,1530.541536
131.004356,1000,1532.308319
150.239708,1000,1534.109812
139.416456,1000,1535.908364
107.267163,1000,1538.088918
-253.473471,192,1538.283712
149.107785,1000,1540.051773
152.002448,1000,1542.206815
146.464035,1000,1544.154884
75.868025,1000,1547.432631
11.236384,290,1547.760985
129.608932,1000,1549.754103
4.919269,236,1550.012305
152.552157,1000,1552.183139
111.287099,1000,1554.922936
108.942603,1000,1556.916523
145.078664,1000,1558.743229
3.957032,166,1558.906425
169.470025,1000,1560.467617
134.45289,1000,1563.281042
11.854457,254,1563.568052
128.54393,1000,1565.530357
147.983101,1000,1567.192702
104.908385,1000,1569.201514
147.223643,1000,1571.290896
152.969478,1000,1573.107451
17.640959,188,1573.294645
132.987353,1000,1575.132303
111.900002,1000,1576.910713
39.444189,196,1577.116088
142.773035,1000,1579.357268
136.988012,1000,1581.169081
148.250864,1000,1582.888499
147.600245,1000,1584.706226
148.733912,1000,1587.127175
133.001806,1000,1589.476375
145.596717,1000,1591.562736
122.781875,1000,1593.53126
134.853282,1000,1596.291318
132.73677,1000,1597.954241
123.903461,1000,1600.248146
105.250396,1000,1602.345155
189.860727,1000,1604.287011
147.541726,1000,1606.227269
105.579188,1000,1608.310147
176.084322,1000,1610.267611
130.073662,1000,1613.279868
259.41341,950,1614.994072
150.895884,1000,1616.874866
138.153405,1000,1618.812591
75.379033,1000,1621.526588
114.558793,1000,1623.792523
105.340448,1000,1625.448968
29.385613,172,1625.617697
253.892725,302,1625.980207
160.632692,1000,1627.771067
107.683779,1000,1630.718134
141.269907,1000,1632.735764
127.370497,1000,1634.345873
139.961565,1000,1636.212871
117.277885,1000,1638.607716
-394.677132,150,1638.752594
157.526236,1000,1640.623839
130.060859,1000,1642.67617
150.48962,1000,1644.573069
7.225709,174,1644.747763
160.75533,1000,1646.988572
51.308726,169,1647.152735
121.788424,1000,1649.244083
121.031442,1000,1651.15657
91.855831,1000,1653.913006
154.197073,1000,1656.444692
164.681055,1000,1658.150265
136.574213,1000,1659.896932
203.416542,312,1660.272119
116.660285,1000,1662.697549
149.419324,1000,1664.262158
129.885335,1000,1666.123979
108.569587,1000,1667.942398
124.012751,1000,1669.950895
144.403505,1000,1671.899108
-15.342202,268,1672.197553
136.87833,1000,1674.454794
108.843224,1000,1676.3703
9.706884,192,1676.556956
204.251571,536,1677.328756
116.631663,1000,1679.490986
109.520976,1000,1681.602839
208.525373,792,1682.92171
104.759472,1000,1685.186011
106.425377,1000,1687.463158
-365.973028,223,1687.683255
164.045723,1000,1689.70001
106.531379,1000,1691.6106
143.392778,1000,1693.766724
267.794933,940,1695.696461
207.637057,247,1695.99459
271.782813,279,1696.295547
220.256346,420,1696.839346
100.063115,1000,1698.582464
101.807931,1000,1700.599852
139.59314,1000,1703.261856
161.655752,1000,1705.017544
257.272471,398,1705.560541
134.938997,1000,1707.223397
147.032796,1000,1709.054102
114.748283,1000,1711.53373
155.726179,1000,1713.330277
120.097356,1000,1715.012154
138.937321,1000,1717.072249
150.620611,1000,1719.260896
149.046355,1000,1721.346236
121.092865,1000,1723.393578
156.168496,1000,1725.254928
211.705178,211,1725.475506
148.163808,1000,1727.568124
138.027387,1000,1729.32322
176.858629,1000,1731.063459
5.492624,176,1731.238053
38.064049,177,1731.409806
205.075295,211,1731.636006
-113.152018,384,1732.100588
-239.462329,181,1732.280896
19.715929,227,1732.927507
36.666452,209,1733.144879
-23.191121,144,1733.279579
151.301037,1000,1735.005229
191.627746,216,1735.250981
131.503771,1000,1736.974241
121.991853,1000,1738.728288
125.229217,1000,1740.817777
104.779693,1000,1742.936728
233.333255,844,1744.510961
180.47715,1000,1746.248463
244.091318,305,1746.622425
99.95983,1000,1748.925077
129.311815,1000,1750.995554
222.277375,333,1751.426392
150.996328,1000,1752.939827
124.466405,1000,1754.62629
114.287655,1000,1756.724421
-14.228218,231,1756.971409
98.908519,1000,1758.921589
120.646651,1000,1760.745322
155.122157,1000,1762.899737
136.322733,1000,1764.889925
40.739356,170,1765.053204
176.818574,1000,1766.933872
118.842922,1000,1768.839973
96.629713,1000,1771.029069
106.734641,1000,1774.065933
225.364923,228,1774.319879
0.006947,170,1774.489158
120.113219,1000,1776.160986
47.006882,163,1776.313676
124.329388,1000,1778.265522
51.197579,178,1778.436026
111.548567,1000,1780.718504
172.623636,1000,1782.666818
120.016068,1000,1784.866676
241.134642,302,1785.219331
148.769793,1000,1787.152493
211.895504,521,1788.453954
112.05762,1000,1790.346919
26.768219,216,1790.559388
150.673138,1000,1792.090489
107.908168,1000,1793.732709
137.276436,1000,1796.039022
144.793906,1000,1797.707408
257.406621,364,1798.159775
123.810332,1000,1799.972176
48.753305,180,1800.14621
2.51993,193,1800.332239
114.590027,1000,1802.656665
109.509036,1000,1804.515712
124.362861,1000,1806.538997
163.31912,1000,1808.300937
112.398906,1000,1811.023079
151.175619,1000,1812.908039
126.015728,1000,1814.732617
4.255085,150,1814.871944
157.859943,1000,1816.751872
35.06302,185,1816.931638
126.379331,1000,1820.117187
126.193117,1000,1822.120278
132.122594,1000,1824.040266
45.033722,160,1824.19272
257.091719,270,1824.499752
142.7731,1000,1826.914811
86.920234,1000,1829.280455
123.44107,1000,1831.164986
46.572916,157,1831.310843
115.551562,1000,1833.284706
59.617725,1000,1835.233113
198.586144,544,1836.405374
285.87597,359,1836.853567
156.664882,1000,1838.737814
156.963809,1000,1840.653642
166.491768,1000,1842.396325
128.549312,1000,1844.66943
166.861,1000,1846.469892
138.843252,1000,1848.404692
88.75633,1000,1850.22931
113.055782,1000,1852.550965
266.564209,266,1852.832015
120.743365,1000,1854.486879
153.646033,1000,1856.238267
128.400241,1000,1858.596722
122.351247,1000,1861.184685
114.900342,1000,1863.153211
17.1298,139,1863.281903
22.528196,145,1863.419435
-23.586045,148,1863.553085
15.125985,133,1863.674568
33.271973,146,1863.808411
49.728025,148,1863.944328
139.166653,1000,1865.857723
50.495818,172,1866.023818
21.111618,401,1866.470244
272.413228,451,1867.452917
34.064445,149,1867.595901
111.670111,1000,1869.453249
141.391512,1000,1871.731268
161.396267,1000,1873.501404
15.918906,159,1873.654123
2.439158,167,1873.807039
132.754238,1000,1876.30093
-11.770464,98,1876.383959
102.791667,1000,1878.425391
36.744543,149,1878.560665
234.539786,226,1878.797204
19.51261,183,1878.967116
227.026583,251,1879.232856
43.28304,154,1879.371775
142.897168,1000,1881.616779
191.717031,260,1881.900111
141.884049,1000,1884.202013
123.781885,1000,1885.945749
30.289384,147,1886.080651
108.557717,1000,1888.583392
8.561464,332,1888.994505
148.566587,1000,1891.464061
120.368663,1000,1894.385545
264.042902,869,1895.967951
259.837284,536,1896.699991
111.912008,1000,1898.797013
120.13187,1000,1901.856961
106.194313,1000,1903.622812
118.79389,1000,1905.335499
123.66288,1000,1907.8009
154.531099,1000,1909.981675
50.833043,140,1910.110415
145.15518,1000,1912.173419
3.763808,98,1912.265152
118.489663,1000,1914.254607
169.233675,1000,1916.218141
31.446737,210,1916.424412
269.627556,231,1917.087859
154.24718,1000,1918.665196
54.330585,184,1918.835252
147.02856,1000,1920.847935
122.459677,1000,1923.297315
148.23261,1000,1925.497527
138.146971,1000,1927.472922
129.73204,1000,1929.983281
124.919307,1000,1931.950642
163.403798,1000,1934.205703
105.722345,1000,1936.001179
151.975396,1000,1938.057053
205.727501,393,1938.593208
142.655565,1000,1940.322909
144.448468,1000,1942.642627
75.131354,164,1942.792829
160.199605,1000,1944.369727
224.136316,522,1945.142957
110.479175,1000,1947.512054
99.306696,1000,1949.717924
115.158964,1000,1952.418696
110.318403,1000,1954.502011
136.225303,1000,1956.203119
165.327236,1000,1958.069306
259.629425,241,1958.739502
80.48127,1000,1961.110695
125.87025,1000,1963.430632
135.518387,1000,1966.00789
58.933729,181,1966.17564
149.208221,1000,1968.33712
271.341967,281,1968.646372
122.078375,1000,1970.687855
100.468707,1000,1972.48785
117.163703,1000,1974.594394
54.807185,171,1974.752494
158.685346,1000,1977.018994
229.452771,516,1977.731633
131.401053,1000,1979.701455
150.86306,1000,1981.392523
103.254076,1000,1983.891836
114.010332,1000,1986.141581
152.012671,1000,1987.923315
167.281969,1000,1989.536923
54.93048,124,1989.653718
127.89782,1000,1992.094333
153.149082,1000,1993.913504
270.143128,491,1994.557147
99.148144,1000,1996.122155
95.344909,1000,1998.296643
206.574601,992,2000.66928
259.392206,232,2000.926867
242.874879,232,2001.169289
163.44971,1000,2003.158188
136.755883,1000,2005.361933
145.122501,1000,2007.264964
157.077304,1000,2009.243977
109.328204,1000,2010.972847
-21.706514,252,2011.247232
96.31899,1000,2013.450945
117.084187,1000,2015.742841
177.019693,1000,2018.761664
7.503317,252,2019.039072
126.574328,1000,2020.905623
132.070329,1000,2022.704866
123.025034,1000,2025.737726
63.331129,126,2025.85394
91.88375,1000,2028.062968
153.505403,1000,2029.913188
127.822951,1000,2031.611826
44.916835,125,2031.730329
168.84691,1000,2033.891407
130.851943,1000,2036.182548
121.931694,1000,2037.967514
131.085612,1000,2040.008337
188.659782,1000,2042.025642
92.078377,1000,2044.137665
137.02814,1000,2047.230414
135.763463,1000,2049.038367
172.434324,1000,2051.255414
136.612703,1000,2053.053095
11.066595,128,2053.171795
47.826421,134,2053.295693
125.372678,1000,2055.472264
140.228964,1000,2057.063361
122.661365,1000,2059.466782
29.764517,123,2059.578837
99.036798,1000,2061.885777
141.535846,1000,2063.5625
56.791786,171,2063.723212
133.789137,1000,2066.21584
120.547816,1000,2068.467049
219.377114,360,2068.920262
37.043226,180,2069.094275
145.641703,1000,2070.78115
160.45855,1000,2072.495424
162.149253,1000,2073.877461
207.395839,334,2074.701312
87.786468,1000,2076.932307
72.786033,125,2077.047293
141.808364,1000,2078.767251
141.629578,1000,2080.448719
141.662095,1000,2082.696303
130.656812,1000,2084.724686
91.29574,1000,2086.832733
115.271878,1000,2088.822808
45.381791,129,2088.946121
122.0823,1000,2091.416972
111.735161,1000,2093.31508
152.879785,1000,2094.874339
129.210136,1000,2097.036996
135.603424,1000,2099.606215
42.894399,127,2099.72225
117.26597,1000,2101.566452
126.671177,1000,2103.725677
146.258938,1000,2105.837994
116.324367,1000,2108.134676
165.054296,1000,2109.747591
150.778681,1000,2111.259321
117.825075,1000,2113.348135
148.336057,1000,2115.466634
108.277072,1000,2117.309912
141.916697,1000,2119.358593
131.000734,1000,2121.216862
249.132759,207,2121.436682
43.321972,120,2121.546635
123.658316,1000,2124.242422
43.930842,127,2124.359895
139.516238,1000,2126.08215
133.706151,1000,2127.810236
154.653359,1000,2130.333274
137.7958,1000,2132.494651
109.004133,1000,2134.356585
111.643662,1000,2135.979357
114.362697,1000,2138.053578
38.094619,157,2138.199673
108.142924,1000,2140.512264
142.620458,1000,2142.171021
149.622366,1000,2143.931632
142.128699,1000,2145.98069
147.623763,1000,2149.151463
222.628248,294,2149.527694
157.655942,1000,2151.269316
18.93066,162,2151.422255
184.683431,348,2151.866015
31.481794,90,2151.949216
14.088519,115,2152.055381
121.325122,1000,2154.456135
9.294933,118,2154.565344
135.040574,1000,2156.673537
143.508936,1000,2158.722751
211.417839,502,2159.609055
236.10586,249,2159.870254
221.701581,410,2160.447609
108.156635,1000,2162.564252
185.327728,431,2163.143209
213.466783,676,2164.670724
-34.321804,81,2164.743539
-44.992318,285,2165.065353
114.546083,1000,2166.873002
202.134766,494,2167.500211
226.243349,885,2169.092826
12.083999,347,2169.460781
98.505893,1000,2172.156476
132.559459,1000,2174.001711
13.907512,83,2174.079423
229.797192,361,2174.545952
131.039759,1000,2176.204256
136.252612,1000,2178.635272
171.07869,980,2181.434153
144.824623,1000,2183.601019
205.569725,347,2183.990538
108.658837,1000,2186.113589
158.683362,1000,2188.134502
123.530434,1000,2190.461091
125.532812,1000,2192.251518
35.055398,151,2192.394638
10.196948,153,2192.542224
142.250474,1000,2194.653926
131.700139,1000,2196.760849
137.626238,1000,2198.487249
154.302828,1000,2200.026288
215.453486,217,2200.261765
247.073831,220,2200.477784
122.356787,1000,2202.173973
39.80653,169,2202.338652
252.600731,256,2203.038241
163.572264,1000,2204.593883
142.763882,1000,2206.553897
103.590325,1000,2208.778282
79.89501,1000,2211.327426
159.866805,1000,2213.755092
198.465876,932,2215.949089
196.271337,283,2216.288928
130.204078,1000,2218.377887
91.012787,1000,2221.254052
136.01299,1000,2223.108008
259.672888,266,2223.398986
126.474205,1000,2225.271729
154.831063,1000,2226.903596
131.570808,1000,2229.235499
125.059738,1000,2230.958351
35.63089,84,2231.035735
101.105954,1000,2232.987509
106.317011,1000,2235.148378
122.939911,1000,2237.66454
173.659129,1000,2239.415072
144.033351,1000,2241.291155
12.754374,114,2241.39623
141.281891,1000,2243.646645
241.234258,200,2243.850566
157.607161,1000,2246.141141
246.237562,199,2246.35353
97.379768,1000,2248.12898
260.247375,218,2248.374569
141.231792,1000,2250.314015
237.694333,439,2250.866403
-23.492835,327,2251.239526
190.807822,1000,2253.399164
157.539575,1000,2255.225602
30.325461,141,2255.359564
138.416276,1000,2257.244065
257.450994,223,2257.484494
155.166669,1000,2259.32183
244.511339,221,2259.977896
235.458056,294,2260.31265
152.901476,1000,2262.106688
138.313192,1000,2263.822916
30.415227,121,2263.934371
245.500871,256,2264.219477
171.836093,1000,2265.971404
123.976167,1000,2268.035415
143.008768,1000,2270.166292
263.302968,272,2270.479833
143.617703,1000,2272.38067
141.952926,1000,2274.2354
146.033041,1000,2276.783895
226.999302,305,2277.145956
109.351985,1000,2279.239467
231.519179,310,2279.595928
135.245146,1000,2281.420784
254.56888,717,2282.915843
155.772563,1000,2284.588847
143.546353,1000,2286.465086
114.747661,1000,2288.793238
48.676586,102,2288.886999
130.468196,1000,2291.427323
139.55182,1000,2293.50952
138.023577,1000,2295.140289
56.35547,123,2295.25586
137.960855,1000,2296.933181
143.772747,1000,2299.141605
225.334784,926,2301.144744
41.490652,163,2301.302285
264.209551,216,2301.546895
118.741213,1000,2303.52172
251.176954,244,2303.785218
272.96891,260,2304.101198
225.088525,272,2304.433371
48.253463,147,2304.573093
124.705202,1000,2306.875904
230.515635,915,2308.664373
46.149929,155,2308.811744
114.879767,1000,2310.756613
218.435781,253,2311.02446
280.577716,193,2311.231539
217.813481,543,2312.205417
107.694503,1000,2314.218104
233.42697,267,2314.511288
151.754058,1000,2316.286792
209.525054,918,2317.964488
263.747737,236,2318.219853
130.306519,1000,2320.51669
114.240307,1000,2322.697168
129.362335,1000,2324.726492
161.331015,1000,2326.273947
45.248291,209,2326.498757
134.051452,1000,2328.416818
231.51511,899,2330.470856
12.141146,195,2330.667156
126.917438,1000,2332.358974
135.662586,1000,2334.146091
250.882352,228,2334.403702
150.967138,1000,2336.331763
137.189235,1000,2339.051082
-12.072396,260,2339.315652
42.308614,208,2339.534979
216.688819,592,2340.480516
140.385568,1000,2342.516662
115.278009,1000,2344.625628
135.04434,1000,2347.261099
134.662955,1000,2349.107702
183.699613,313,2349.496466
134.517836,1000,2351.186264
154.633921,1000,2353.840518
254.293419,481,2354.572008
8.720336,120,2354.680861
20.731457,193,2354.868198
112.833159,1000,2356.813063
268.490971,204,2357.041598
250.921278,603,2357.967588
154.867777,1000,2359.972209
141.545079,1000,2362.332055
136.291649,1000,2364.287363
149.059529,1000,2366.004853
227.622035,299,2366.343348
220.099917,257,2366.635878
25.253405,118,2366.745372
61.061192,188,2366.93267
-5.10568,158,2367.085041
153.669343,1000,2369.312586
139.073009,1000,2371.470009
140.210064,1000,2373.296735
47.669179,124,2373.414978
62.4602,122,2373.527699
149.801188,1000,2375.367409
11.624348,169,2375.534801
119.239568,1000,2377.578164
254.304457,245,2377.856142
239.501382,242,2378.130024
26.214381,159,2378.278348
96.462836,1000,2380.036696
135.392164,1000,2381.964339
-2.035086,129,2382.078685
51.011307,85,2382.156124
11.328478,118,2382.26476
38.16697,137,2382.386691
146.125069,1000,2384.675717
140.667597,1000,2386.371881
248.683533,242,2386.656466
213.916792,368,2387.17438
118.36361,1000,2389.169709
239.830275,353,2389.66641
272.993799,238,2389.954703
151.715767,1000,2392.111595
122.980666,1000,2394.023686
128.278204,1000,2396.128492
39.951151,164,2396.290473
148.344939,1000,2398.047501
128.481107,1000,2400.426711
104.017877,1000,2402.321032
142.681642,1000,2404.447337
15.048735,117,2404.557965
177.024869,1000,2406.461449
119.181961,1000,2408.584963
139.1784,1000,2410.241568
256.601314,188,2410.42877
105.287079,1000,2412.328996
233.786724,258,2412.614518
51.070044,210,2412.83172
6.031551,77,2412.903073
49.121114,121,2413.01223
160.877532,1000,2414.982997
240.174847,196,2415.171764
257.99469,250,2415.443889
10.996422,235,2415.688927
7.403166,109,2415.792408
161.844958,1000,2417.754596
153.277532,1000,2419.519857
7.598599,124,2419.631781
153.449943,1000,2422.128892
134.234023,1000,2424.076682
42.598447,125,2424.196044
94.830723,1000,2426.350731
116.700326,1000,2428.230227
119.617108,1000,2430.394077
238.718088,238,2430.671199
13.141672,85,2430.746957
2.412643,88,2430.826406
162.330154,1000,2432.643266
136.164159,1000,2434.350472
43.041991,117,2434.458299
76.042476,118,2434.568875
130.306879,1000,2437.069225
129.022165,1000,2438.747051
11.452743,121,2438.861073
32.473195,103,2438.957792
27.08498,136,2439.084751
35.38258,115,2439.191405
128.300154,1000,2441.092903
223.596786,209,2441.315648
46.851979,123,2441.430932
162.102157,1000,2443.151519
209.483554,410,2444.19093
249.190142,212,2444.436466
145.093816,1000,2446.140709
171.497828,1000,2447.874653
111.302962,1000,2450.20393
116.901417,1000,2452.659619
143.039397,1000,2454.38928
9.313473,207,2454.59805
266.054805,279,2454.893973
141.263087,1000,2457.192223
144.925703,1000,2458.974736
108.879625,1000,2461.571862
125.141336,1000,2463.400373
133.857237,1000,2465.646169
230.194364,342,2466.091868
134.422668,1000,2468.105986
32.304908,148,2468.247843
123.183062,1000,2470.182906
245.629246,323,2470.593859
227.668174,740,2471.964578
137.583223,1000,2474.430751
240.47173,238,2474.701879
208.542175,623,2475.960198
161.749579,1000,2478.304196
159.534712,1000,2480.162229
53.295678,121,2480.275012
123.910372,1000,2482.177775
247.647066,229,2482.412235
217.77871,560,2483.248426
255.502213,208,2483.877206
272.710451,370,2484.411423
251.477639,259,2484.727716
244.504825,729,2486.060009
249.597852,317,2486.411254
108.797604,1000,2488.321795
267.527489,222,2488.54984
48.003095,141,2488.680851
107.009277,1000,2490.767093
221.205198,918,2492.935184
224.309408,272,2493.229025
246.305145,333,2493.633774
49.965347,127,2493.753404
-8.498507,246,2494.017745
238.913564,346,2494.454037
159.724978,1000,2496.058412
142.464856,1000,2498.55573
36.931367,91,2498.640589
-110.936649,499,2499.222492
142.426092,1000,2501.398483
228.689899,251,2501.694366
64.464493,126,2501.812273
137.854968,1000,2503.754921
126.637898,1000,2505.575491
147.938471,1000,2508.280963
259.575254,500,2509.081434
116.400276,1000,2510.911787
25.655338,323,2511.268743
138.388312,1000,2513.416574
129.094954,1000,2515.654582
254.37152,309,2516.016742
138.112954,1000,2517.98078
32.721287,201,2518.173156
140.924835,1000,2520.174155
259.92932,288,2520.499096
262.370878,323,2520.875597
137.547385,1000,2522.954089
124.107976,1000,2524.632158
26.780841,137,2524.763563
159.911808,1000,2526.453443
232.392957,466,2527.09845
51.627192,197,2527.297496
155.036567,1000,2529.521095
152.813281,1000,2531.498544
35.404022,144,2531.641592
126.034664,1000,2533.975848
140.399192,1000,2535.80876
257.455417,258,2536.098167
179.308901,1000,2538.04657
213.382202,228,2538.315541
34.508796,184,2538.488192
46.273699,114,2538.595624
165.965894,1000,2540.194617
261.847093,290,2540.528
31.199334,154,2540.673497
158.587908,1000,2542.600523
109.924838,1000,2545.012875
133.781012,1000,2546.85977
-22.09905,71,2546.924736
51.074525,84,2547.002262
245.149376,403,2547.494608
52.445767,78,2547.568159
115.149655,1000,2549.843921
261.162547,241,2550.105261
124.818564,1000,2552.355528
115.569272,1000,2554.037553
73.049703,115,2554.145043
41.686159,126,2554.258414
223.965804,716,2555.519741
131.637488,1000,2557.253174
126.292101,1000,2559.501691
156.085618,1000,2561.614436
267.918,312,2561.997093
254.46435,238,2562.242544
161.788298,1000,2564.289119
169.157145,1000,2566.130169
104.747732,1000,2568.296746
123.20912,1000,2570.443916
260.446832,233,2570.683224
247.452901,740,2572.097783
170.099804,1000,2573.7953
254.171189,218,2574.026983
245.526976,352,2574.906472
150.714776,1000,2577.060301
282.237876,531,2577.664657
239.234769,236,2577.917782
161.98793,1000,2579.514568
20.876317,107,2579.615
243.427543,241,2579.864634
105.456779,1000,2582.088014
9.167414,191,2582.277405
235.56714,436,2582.879822
1.55458,280,2583.163275
156.258874,1000,2584.734096
142.114626,1000,2586.86373
137.066906,1000,2588.636542
44.668844,208,2589.2728
128.378502,1000,2590.979543
114.172178,1000,2592.932179
246.032059,228,2593.173467
122.071189,1000,2595.183619
247.50676,263,2595.49589
126.644141,1000,2597.651772
261.468985,314,2598.040498
248.598148,292,2598.428273
135.82162,1000,2600.372613
243.255193,256,2600.660278
35.386208,121,2600.769903
135.389127,1000,2602.957638
252.802189,339,2603.431772
272.100013,172,2603.605783
148.588566,1000,2605.736792
24.625969,271,2606.028562
13.518884,242,2606.288345
246.861668,221,2606.51977
258.252861,266,2606.860354
229.536936,299,2607.205418
136.309216,1000,2609.143435
142.299724,1000,2611.478755
231.664817,260,2611.778902
257.644128,289,2612.124329
138.156332,1000,2614.022979
136.925477,1000,2615.858634
142.693816,1000,2617.799661
160.796319,1000,2620.00763
143.349762,1000,2622.113925
55.232489,192,2622.301956
245.103618,659,2623.199408
254.876382,219,2623.438046
108.184092,1000,2625.457893
120.353462,1000,2628.017402
172.775265,1000,2629.756117
123.932857,1000,2631.547386
132.503512,1000,2633.250132
64.117104,145,2633.387865
258.311678,310,2633.781753
147.013198,1000,2636.313448
179.127182,1000,2638.288697
163.440965,1000,2640.221642
120.438489,1000,2642.039894
158.525836,1000,2644.085942
125.406765,1000,2645.974802
161.083798,1000,2647.446164
153.399264,1000,2649.598987
237.362173,333,2650.378036
278.776751,243,2650.66216
120.830555,1000,2653.158905
136.435154,1000,2654.627261
50.180469,206,2654.824996
253.410802,250,2655.105684
255.991156,223,2655.353236
120.237473,1000,2657.172818
157.688448,1000,2659.148804
237.631236,285,2659.477763
143.74527,1000,2661.254154
134.441231,1000,2663.176121
150.582062,1000,2665.496157
56.638923,142,2665.629389
-21.906298,128,2665.748694
33.421085,149,2665.886827
237.949931,303,2666.247498
127.052053,1000,2668.12798
156.216556,1000,2669.75835
11.106625,150,2669.900857
143.99819,1000,2671.798522
18.952095,127,2672.331126
135.148297,1000,2674.600149
24.709684,151,2674.742707
116.678011,1000,2676.851031
69.031532,100,2676.943336
58.658423,122,2677.061818
162.995037,1000,2679.146758
254.056997,297,2679.468876
258.355506,225,2679.72841
145.133227,1000,2681.78723
254.870039,226,2682.043148
130.013463,1000,2684.162395
262.627589,221,2684.396167
181.22248,1000,2686.406532
175.625473,1000,2688.672924
179.171966,1000,2690.290909
258.342824,238,2690.565214
57.192312,138,2690.694541
150.770591,1000,2692.409145
33.993732,180,2692.586672
136.097212,1000,2694.357969
117.844406,1000,2696.498778
245.956236,272,2696.814638
255.292813,298,2697.165742
39.208976,117,2697.27369
146.011658,1000,2699.484903
164.251162,1000,2701.501365
236.030381,254,2701.794695
253.42447,409,2702.356267
154.390357,1000,2704.41235
232.923739,254,2704.708917
125.816876,1000,2706.690559
54.381274,131,2706.812159
232.686179,258,2707.103346
151.668634,1000,2708.835475
148.733456,1000,2711.509707
241.202548,316,2711.88514
118.82423,1000,2713.838612
149.175836,1000,2715.669466
150.23263,1000,2717.365074
133.295553,1000,2719.378253
260.784459,262,2719.660182
129.195487,1000,2721.434299
190.72487,395,2721.933145
37.819927,135,2722.057973
259.786392,259,2722.354176
136.932596,1000,2724.341192
42.205956,103,2724.437528
197.592084,971,2726.859339
263.929947,247,2727.120059
37.476128,148,2727.255768
41.615914,149,2727.395873
136.289154,1000,2728.97389
256.716715,243,2729.228547
130.720438,1000,2731.315437
49.630512,147,2731.454407
34.705517,188,2731.636988
146.583599,1000,2734.232595
270.627361,261,2734.550991
141.589666,1000,2736.288816
-1.414798,229,2736.519893
169.674098,1000,2738.237636
237.4611,231,2738.486732
8.089923,218,2738.697447
150.714982,1000,2740.665047
-1.987414,196,2740.880305
81.106315,1000,2742.748963
230.103994,241,2743.013857
159.017646,1000,2744.592063
145.716137,1000,2746.670568
159.055015,1000,2748.801198
257.016384,244,2749.067801
229.347009,252,2749.335497
133.778022,1000,2751.126456
25.444128,246,2751.364516
155.436498,1000,2753.00607
235.089662,289,2753.35014
119.913893,1000,2755.728182
273.910322,223,2755.97044
-15.292114,77,2756.039807
137.047002,1000,2757.833838
248.646531,230,2758.076615
138.919112,1000,2759.542325
244.813583,347,2759.976705
244.944258,253,2760.230761
206.31368,233,2760.889187
259.881093,216,2761.11285
252.485356,577,2762.028297
119.327933,1000,2763.765345
233.264773,251,2764.025676
160.208811,1000,2766.296536
131.103608,1000,2768.921565
160.490385,1000,2770.484595
230.536436,285,2770.803549
248.157406,287,2771.125372
34.191078,198,2771.326482
128.97972,1000,2773.447215
165.868694,1000,2775.53036
-20.337803,223,2775.74643
139.922934,1000,2777.832771
13.125071,139,2777.965781
130.09353,1000,2780.175756
158.714854,1000,2782.142891
-38.190384,226,2782.3751
150.080838,1000,2784.519992
132.807088,1000,2786.751461
259.273917,248,2787.01327
145.061162,1000,2788.616429
112.358553,1000,2790.711882
124.230502,1000,2792.893725
258.156938,241,2793.162655
154.810711,1000,2795.298182
115.166339,1000,2797.159036
1.322511,166,2797.318635
259.82819,361,2797.812494
152.316559,1000,2800.643619
121.486838,1000,2802.452182
140.81941,1000,2804.42822
173.855604,1000,2806.283565
134.825937,1000,2808.744915
140.180049,1000,2810.954109
33.236118,186,2811.143812
132.029503,1000,2812.879082
159.805718,1000,2814.505539
143.159667,1000,2816.644728
133.529586,1000,2818.098021
238.251989,787,2819.443439
145.695432,1000,2821.539858
56.226048,99,2821.631866
-39.020441,276,2821.910477
6.017559,221,2822.129601
129.899731,1000,2824.331234
233.187531,266,2824.609575
-18.450453,141,2824.738478
154.641689,1000,2826.35948
126.885792,1000,2828.32572
228.147243,358,2828.828411
128.177879,1000,2830.791395
17.407482,280,2831.499477
-8.08273,134,2831.626852
264.795792,217,2831.870758
31.063311,151,2832.012878
245.813549,300,2832.355677
136.928116,1000,2834.283942
110.651219,1000,2836.12272
111.810227,1000,2838.030148
149.539331,1000,2840.45848
126.818107,1000,2842.775497
139.904131,1000,2844.83212
263.967708,229,2845.098022
-24.652622,198,2845.283619
3.461016,159,2845.437371
8.748946,235,2845.672002
251.305161,230,2845.90886
142.950334,1000,2848.565983
185.078111,1000,2850.433055
274.791796,246,2850.716692
129.449379,1000,2852.476047
55.604601,177,2852.650937
120.34317,1000,2855.204564
30.488042,87,2855.288655
-0.803715,197,2855.482448
138.989548,1000,2857.591902
189.876571,1000,2859.278047
150.328438,1000,2861.089631
139.336841,1000,2863.93571
176.143378,1000,2865.82119
134.831708,1000,2867.780185
240.982847,405,2868.370495
32.128869,256,2868.628604
152.310598,1000,2870.747121
13.501638,185,2870.931401
36.930978,198,2871.117178
136.930865,1000,2873.071902
260.91709,285,2873.382123
169.684036,1000,2875.019586
109.642731,1000,2877.272132
133.507239,1000,2879.62569
36.01135,185,2879.810747
168.403049,1000,2881.89922
251.306009,259,2882.179883
255.362307,341,2882.637944
143.789678,1000,2884.547948
138.827858,1000,2886.91586
288.309003,237,2887.175799
185.645558,580,2888.166881
138.987855,1000,2890.034499
97.263626,1000,2891.938612
135.044188,1000,2893.75448
136.721597,1000,2896.144665
276.030976,276,2896.431103
234.315477,789,2897.866871
135.576585,1000,2899.86755
146.251272,1000,2901.951823
136.537139,1000,2904.202226
281.200953,239,2904.467961
140.560196,1000,2906.365905
123.250996,1000,2908.154485
146.229822,1000,2910.571068
29.069424,96,2910.659988
123.850718,1000,2912.760964
250.97204,214,2912.980993
138.450234,1000,2914.980229
252.19784,258,2915.269117
124.072316,1000,2917.286935
117.046257,1000,2919.88185
241.312859,250,2920.142655
256.168458,568,2921.06092
123.942955,1000,2922.814042
124.489757,1000,2924.856308
132.296628,1000,2927.356109
133.837884,1000,2929.432382
186.418113,1000,2931.079209
132.071024,1000,2933.331918
-8.058416,170,2933.499273
289.084125,377,2933.981331
160.926013,1000,2936.257261
158.437866,1000,2938.254339
264.172337,288,2938.60996
117.636127,1000,2940.808003
179.152002,1000,2942.767644
157.658586,1000,2944.887348
113.32786,1000,2946.826696
241.062933,563,2947.696128
129.459708,1000,2949.512503
113.462442,1000,2951.829225
160.125641,1000,2954.044824
133.1074,1000,2955.776803
239.042697,276,2956.06963
138.392326,1000,2958.550683
51.419338,92,2958.636184
51.090921,229,2958.866346
151.89394,1000,2961.066413
167.769959,1000,2963.146796
32.76464,247,2963.411723
163.44841,1000,2965.224692
135.823288,1000,2967.969656
153.459073,1000,2969.933937
249.951194,383,2970.493775
128.786276,1000,2972.830777
114.580239,1000,2975.073594
256.922229,258,2975.344477
117.806219,1000,2977.504241
114.79207,1000,2979.43798
132.171756,1000,2981.248996
266.487234,273,2981.594188
163.849658,1000,2983.50181
128.63548,1000,2986.171944
250.757696,282,2986.508856
160.268315,1000,2988.411294
155.087648,1000,2990.523501
248.34081,288,2990.845724
168.963666,1000,2992.971307
264.786303,389,2993.455606
164.152282,1000,2995.346411
161.281645,1000,2997.121069
274.622112,231,2997.382174
214.658264,711,2998.785519
117.203435,1000,3000.95977
115.05611,1000,3003.180222
266.41297,282,3003.513318
259.141807,299,3003.857512
266.194422,267,3004.150462
14.726049,243,3004.4091
32.384646,209,3004.610933
157.575684,1000,3006.744732
137.129375,1000,3009.208247
284.816786,273,3009.49795
149.071957,1000,3011.525319
125.542979,1000,3013.50452
118.115585,1000,3015.355783
105.655689,1000,3018.034269
116.751614,1000,3020.127936
144.181247,1000,3022.094673
120.194132,1000,3024.225339
140.780363,1000,3026.522038
139.384831,1000,3028.347333
136.497004,1000,3030.934434
240.39689,312,3031.291614
-19.257555,191,3031.47009
161.084475,1000,3033.655526
155.100041,1000,3035.643137
121.964846,1000,3037.897164
127.608547,1000,3039.702675
-63.362507,717,3040.832451
149.495841,1000,3043.13456
133.726751,1000,3045.340482
109.149462,1000,3047.178129
281.496667,260,3047.462275
120.581532,1000,3049.749602
290.908166,338,3050.555891
202.63184,978,3052.806589
-1.017241,281,3053.096916
211.893703,298,3053.44205
120.597613,1000,3055.37308
229.072645,277,3055.702922
-53.812199,239,3055.953114
103.54183,1000,3058.697688
134.982023,1000,3060.463748
149.878416,1000,3062.355225
233.38756,295,3062.695695
253.917809,323,3063.106386
135.563856,1000,3065.180362
125.96851,1000,3067.451343
131.393996,1000,3069.422642
218.587417,320,3069.80682
202.135698,442,3070.376689
24.409317,228,3070.60485
131.688766,1000,3072.512846
125.975244,1000,3075.110811
282.334687,342,3075.513266
150.13058,1000,3077.28542
127.19306,1000,3078.941637
32.554016,268,3079.197271
213.996276,409,3079.833728
132.114785,1000,3082.434443
112.616174,1000,3084.485353
233.185862,270,3084.796076
97.770471,1000,3086.886723
222.926671,437,3087.530355
232.956028,294,3087.834845
145.291263,1000,3090.113414
213.029813,288,3090.471955
124.980708,1000,3092.649654
238.397305,367,3093.100053
123.040022,1000,3095.440273
157.52176,1000,3097.63046
127.004262,1000,3099.649507
16.882764,222,3099.875844
125.967826,1000,3101.825754
228.819164,466,3102.543305
213.621937,808,3103.815088
215.734155,537,3105.06362
232.723479,289,3105.375605
145.849459,686,3106.715626
127.721768,1000,3108.422373
119.873946,1000,3110.47614
135.01204,1000,3112.922437
29.314693,246,3113.584873
243.191426,772,3115.15956
134.057021,1000,3117.093889
121.500767,1000,3119.304405
255.395771,217,3119.545887
120.944546,1000,3122.021643
-35.132109,168,3122.187737
226.683052,236,3122.423475
136.706406,1000,3124.542249
250.289656,277,3124.885887
248.211276,326,3125.257144
110.105881,1000,3127.166763
127.734245,1000,3129.136603
134.887993,1000,3131.635138
148.527715,1000,3133.472335
145.596833,1000,3135.250885
233.724683,334,3135.687001
241.447998,269,3135.966034
11.871395,177,3136.127453
140.234615,1000,3138.484509
216.240028,717,3139.980744
228.558771,302,3140.369662
239.25886,307,3140.728138
160.252916,1000,3142.670229
-12.896653,181,3142.845995
115.949276,1000,3145.011547
30.26672,227,3145.256722
138.242438,1000,3147.415581
-2.518108,215,3147.626425
21.411139,202,3147.8225
143.543529,1000,3149.895635
240.843352,338,3150.323834
122.267726,1000,3152.114359
-21.498318,207,3152.74588
204.214102,847,3154.580292
230.50696,245,3154.852792
163.508016,1000,3156.841111
153.751075,1000,3158.897894
138.315142,1000,3161.513882
124.567687,1000,3163.500777
241.573291,331,3163.847842
133.635631,1000,3165.897651
116.539399,1000,3168.14748
155.625972,1000,3170.81533
250.535136,244,3171.075161
128.259222,1000,3173.169131
142.291645,1000,3175.16899
123.635094,1000,3177.116047
228.845879,265,3177.453569
150.572093,1000,3180.138152
139.281309,1000,3182.094671
130.787957,1000,3183.867362
146.866546,1000,3185.893919
8.629058,190,3186.076994
34.655622,210,3186.69593
259.245109,213,3186.92394
242.344736,276,3187.230383
101.480067,1000,3189.43348
157.107674,1000,3191.360255
228.153366,306,3191.732102
130.087857,1000,3194.215512
131.636608,1000,3196.913477
136.974099,1000,3198.957832
241.876798,261,3199.273854
126.920063,1000,3201.070618
10.685899,196,3201.257445
203.121593,295,3201.622412
119.34745,1000,3203.848835
233.787268,301,3204.248581
126.957995,1000,3206.714852
116.684997,1000,3208.852415
140.903962,1000,3211.325429
247.634773,197,3211.530399
245.344716,602,3212.973478
293.803181,252,3213.227613
44.491616,246,3213.478056
127.745311,1000,3215.129933
148.078879,1000,3216.947289
136.923087,1000,3218.787893
147.530405,1000,3220.99596
229.535483,292,3221.334929
165.040385,1000,3223.202818
17.859587,219,3223.421993
253.844758,301,3223.782301
217.29457,305,3224.120343
134.880847,1000,3226.001234
119.317232,1000,3228.438001
107.369304,1000,3230.481451
126.523488,1000,3232.836747
135.303946,1000,3234.476886
8.762228,213,3234.679793
124.767451,1000,3236.842731
130.671689,1000,3238.784203
128.739706,1000,3240.592179
148.811751,1000,3242.776865
224.466595,427,3243.891429
162.5228,1000,3246.138901
111.058761,1000,3248.464617
252.38379,310,3248.779433
177.710607,1000,3250.83658
98.830007,1000,3253.038292
139.309832,1000,3255.446438
238.921813,293,3255.792364
16.257991,98,3255.881263
102.194306,1000,3258.009632
211.162942,866,3259.512189
142.521295,1000,3262.153476
-27.098633,214,3262.371811
162.442081,1000,3264.106793
215.485407,338,3264.596117
216.851986,319,3264.960135
122.205868,1000,3267.086196
221.530048,353,3267.525365
109.018441,1000,3269.713565
-18.883663,201,3269.908319
137.04982,1000,3271.839135
0.057609,202,3272.044317
7.915466,220,3272.268075
223.319478,317,3272.666518
135.891003,1000,3274.41728
175.34279,1000,3276.891995
231.708328,745,3278.110347
146.330453,1000,3280.326989
133.606226,1000,3282.225123
129.012778,1000,3285.039087
145.379624,1000,3287.447607
214.871921,583,3288.25141
120.59762,1000,3290.168957
-18.718896,209,3290.394154
129.131392,1000,3292.693048
23.307924,203,3292.905586
15.325866,208,3293.111407
171.643933,1000,3295.37077
-9.797787,206,3295.565233
171.397844,1000,3297.488463
-13.272049,203,3297.697251
68.040855,163,3297.872565
76.945837,1000,3299.970216
152.202673,1000,3302.170141
252.999055,548,3303.119821
231.271818,330,3303.532951
17.90944,192,3303.728007
125.729099,1000,3305.580609
226.454395,245,3305.871402
254.940385,278,3306.176227
139.71579,1000,3308.715701
133.763589,1000,3310.488945
287.804588,431,3311.099151
225.353363,302,3311.438626
-3.171466,198,3311.642139
-0.251294,191,3311.834467
-26.869707,232,3312.069922
255.835023,243,3312.341523
105.112872,1000,3314.199136
225.866746,282,3314.963475
249.583037,282,3315.276744
297.037725,188,3315.472162
217.127102,441,3316.171305
135.149404,1000,3317.901666
13.980836,206,3318.119945
139.875241,1000,3320.263572
-31.633057,181,3320.449031
4.104051,139,3320.580449
7.23136,200,3320.772794
259.246046,255,3321.035117
-9.198833,206,3321.692231
112.831863,1000,3323.313599
129.634595,1000,3325.484941
116.203017,1000,3327.379218
293.256552,191,3327.582958
131.22101,1000,3329.943151
100.038899,1000,3331.740279
281.004235,268,3332.076196
235.526407,227,3332.318008
141.972704,1000,3334.105461
149.925885,1000,3336.175964
45.252016,149,3336.311772
21.416484,218,3336.944684
24.147864,212,3337.159995
116.282951,1000,3338.934044
131.398081,1000,3341.169769
123.645788,1000,3343.22822
161.610778,1000,3345.47636
36.840346,187,3345.657573
240.717733,208,3345.883633
36.633027,205,3346.093475
111.819828,1000,3348.025774
30.962356,174,3348.19868
274.90565,216,3348.43983
272.234526,352,3348.939637
251.473596,228,3349.181996
256.170914,276,3349.538545
144.519841,1000,3351.430982
131.032651,1000,3354.0105
135.051299,1000,3355.87086
279.728735,186,3356.06651
228.55377,223,3356.304655
23.754772,199,3356.507993
264.240059,250,3356.801307
104.651485,1000,3358.978446
129.926055,1000,3361.373912
14.751736,200,3361.562704
137.896777,1000,3363.470403
114.398777,1000,3365.304979
-7.621761,197,3365.499554
124.947693,1000,3367.29584
275.582194,531,3368.521569
234.539956,819,3370.143931
148.211162,1000,3371.908163
149.77035,1000,3374.131651
252.791282,234,3374.386148
13.946236,188,3374.571713
240.136979,232,3374.80167
210.636067,283,3375.499293
166.989856,1000,3377.342
236.622813,282,3377.672844
135.649023,1000,3379.585169
41.400348,198,3379.7817
-13.118724,94,3379.863577
260.166669,321,3380.266349
38.970607,184,3380.441156
36.077773,209,3380.631859
114.684442,1000,3383.143961
157.767651,1000,3385.162413
34.285841,191,3385.363062
226.865154,257,3385.651489
116.395896,1000,3387.100344
153.814354,1000,3388.888206
214.240667,942,3391.357906
132.723304,1000,3393.310465
232.132098,609,3394.433463
246.735476,355,3394.908099
185.991629,1000,3396.663144
311.270927,644,3397.854896
129.211959,1000,3399.837566
137.785422,1000,3402.143897
102.084201,1000,3404.289065
145.63041,1000,3406.623419
273.656521,222,3406.876259
132.064283,1000,3408.6564
117.062376,1000,3410.768557
126.555146,1000,3412.687261
120.048978,1000,3415.272308
38.707563,122,3415.383681
137.016762,1000,3417.360086
143.61478,1000,3419.561099
134.256153,1000,3421.688444
34.54259,205,3421.905157
-33.836507,217,3422.119638
16.823904,86,3422.197665
264.621817,214,3422.428921
273.518106,265,3423.139466
114.495165,1000,3425.176135
262.266646,303,3425.529538
260.243331,353,3426.017021
18.315573,128,3426.133825
257.760015,294,3426.461226
47.859821,186,3426.639931
110.731917,1000,3428.45209
148.891961,1000,3430.993464
31.104237,224,3431.198036
112.575158,1000,3433.201984
143.417098,1000,3434.938765
153.497889,1000,3436.396272
118.497511,1000,3438.812224
140.419961,1000,3440.880025
43.357323,125,3440.99059
130.700655,1000,3442.867816
2.619167,153,3443.00801
-1.429942,186,3443.175435
267.429282,497,3443.920952
140.216818,1000,3446.151882
133.771235,1000,3448.383769
133.707496,1000,3450.698114
-28.338188,182,3450.868418
273.481992,254,3451.149254
104.918584,1000,3453.237113
153.632557,1000,3455.451278
230.604566,189,3455.636271
260.512823,379,3456.116449
158.446706,1000,3457.85129
122.962125,1000,3459.687558
27.866077,199,3459.880438
152.318637,1000,3462.339991
49.106306,182,3462.517291
280.358725,209,3462.722986
138.224614,1000,3464.510577
139.58945,1000,3466.302966
136.034003,1000,3468.202016
-6.359826,183,3468.365368
20.901759,155,3468.506795
129.688762,1000,3470.662094
26.495966,116,3470.771299
272.649876,256,3471.063192
154.513761,1000,3473.013387
-13.172611,178,3473.176758
248.988784,197,3473.374634
273.996645,274,3473.663761
271.311669,383,3474.132372
35.980529,152,3474.279613
222.062685,223,3474.498971
266.583012,254,3474.789896
146.991457,1000,3476.985831
13.166424,191,3477.168013
242.548161,195,3477.377609
260.224933,270,3477.681612
-21.002532,186,3477.846456
218.037558,278,3478.193963
105.127457,1000,3480.356383
-47.239584,177,3480.524793
257.876582,236,3480.747411
10.520569,172,3480.899614
104.911235,1000,3483.549209
-5.71053,183,3483.717871
266.627907,341,3484.103251
-2.881324,178,3484.261636
0.562366,163,3484.413468
158.802935,1000,3486.533886
114.680912,1000,3487.832431
265.486498,215,3488.06684
125.178774,1000,3490.262918
0.533007,185,3490.42805
38.80728,112,3490.530334
252.235516,350,3490.978958
113.022451,1000,3492.748784
36.146454,115,3492.854611
274.569495,304,3493.209264
247.414069,218,3493.455707
146.235247,1000,3495.368661
61.141782,222,3495.589664
153.153389,1000,3497.730735
108.262401,1000,3499.98557
21.673066,110,3500.086679
252.431316,251,3500.354202
129.986673,1000,3502.383367
142.027135,1000,3505.014048
255.557956,330,3505.402529
115.016862,1000,3507.485099
-28.789463,173,3507.650459
113.141231,1000,3509.346819
136.059801,1000,3511.138242
46.628779,193,3511.331141
256.008712,254,3512.065012
127.795149,1000,3513.816315
2.10253,175,3513.971786
126.830565,1000,3515.677055
146.781755,1000,3517.707557
262.113197,242,3517.951237
248.321163,322,3518.386771
-22.518247,160,3518.532282
128.121734,1000,3520.91004
21.654576,186,3521.083223
144.890636,1000,3522.863078
-20.77142,169,3523.021651
42.072831,144,3523.149527
125.990595,1000,3524.913
243.275228,215,3525.127894
249.935032,198,3525.323329
204.93861,983,3527.882987
128.723069,1000,3529.846861
220.52145,269,3530.142039
127.199741,1000,3532.358875
26.154769,179,3532.540645
124.47652,1000,3535.02365
7.796704,150,3535.162588
132.947336,1000,3536.951964
9.890978,215,3537.20374
215.355339,245,3537.454082
118.153309,1000,3539.832698
232.268783,198,3540.032663
6.559793,180,3540.225537
29.296116,185,3540.401644
39.637786,183,3540.585025
91.369986,1000,3542.72687
41.865116,187,3542.911511
218.389914,282,3543.253026
250.942778,178,3543.423071
18.677643,148,3543.552952
236.890583,286,3543.880121
126.400728,1000,3545.419039
239.655729,298,3545.762886
-24.99357,168,3545.931827
33.114855,115,3546.033893
262.894122,403,3546.636029
124.168909,1000,3548.761065
135.300333,1000,3551.017151
246.935713,342,3551.440796
127.825851,1000,3553.562888
-30.935142,173,3553.722486
247.862352,222,3553.94181
-11.479983,182,3554.110787
131.868463,1000,3556.494718
127.499576,1000,3558.644263
34.060578,152,3558.793064
137.601908,1000,3560.720617
240.686701,228,3560.964876
120.430994,1000,3562.84696
303.504873,222,3563.100318
268.472261,370,3563.558334
47.037974,211,3564.202701
128.082419,1000,3566.133481
-37.283392,173,3566.310605
127.689566,1000,3568.572154
240.260556,290,3568.897803
169.381853,1000,3570.570656
0.553833,187,3570.740161
-12.036071,209,3570.928235
41.464691,234,3571.590171
142.89357,1000,3573.531582
216.290168,352,3574.005614
261.910704,295,3574.377468
19.546857,195,3574.578832
119.284898,1000,3576.859319
89.577303,1000,3578.665685
-3.350687,182,3579.277468
261.236908,276,3579.587216
95.470578,1000,3581.514077
226.424393,458,3582.150404
158.580529,1000,3584.103415
62.203744,200,3584.300329
229.877716,253,3584.578876
118.453204,1000,3586.859299
233.879559,248,3587.135185
17.47116,228,3587.381709
28.130382,177,3587.554904
248.231647,230,3587.795819
229.745752,287,3588.136518
107.66769,1000,3590.027212
255.818094,463,3590.676775
281.275996,241,3590.944644
237.351427,268,3591.278747
