EpLenMean,EpRewMean,EpThisIter,EpisodesSoFar,TimeElapsed,TimestepsSoFar,entloss,entropy,ev_tdlam_before,meankl,optimgain,surrgain
91.025,-197.512,45,45,3.9882514476776123,4075,0.0,1.3862559,-0.00014770030975341797,3.8786653e-05,0.0011075974,0.0011075974
95.9,-190.20334,42,87,7.850442886352539,8116,0.0,1.3861649,-0.003790616989135742,3.5935085e-05,0.00090921985,0.00090921985
97.225,-198.8508,43,130,11.710959434509277,12285,0.0,1.386091,-0.002186417579650879,4.03543e-05,0.0010064569,0.0010064569
91.275,-153.89511,45,175,15.54077935218811,16375,0.0,1.3859913,-0.00026667118072509766,3.1997788e-05,0.0009900142,0.0009900142
94.85,-159.55173,43,218,19.383481979370117,20420,0.0,1.3858781,-0.008315563201904297,3.5120185e-05,0.00064389425,0.00064389425
90.375,-157.45296,46,264,23.213908195495605,24551,0.0,1.3856598,-0.00015842914581298828,4.1470983e-05,0.0009524459,0.0009524459
95.675,-144.3289,43,307,27.064608812332153,28660,0.0,1.3856237,0.0008053779602050781,4.2986736e-05,0.00091215636,0.00091215636
120.15,-145.42654,32,339,31.74031901359558,32677,0.0,1.385196,0.010587811470031738,3.7584185e-05,0.0008512365,0.0008512365
86.275,-167.77943,48,387,35.60341238975525,36853,0.0,1.3847889,-0.00034987926483154297,4.176391e-05,0.0011461617,0.0011461617
95.15,-142.48196,43,430,39.45649433135986,40949,0.0,1.3848796,-0.00745081901550293,3.744212e-05,0.0010315748,0.0010315748
94.875,-137.03938,43,473,43.33990406990051,45023,0.0,1.3842086,-0.006141185760498047,4.241766e-05,0.0010249866,0.0010249866
101.025,-133.32474,41,514,47.20482015609741,49136,0.0,1.3845475,-0.0003650188446044922,3.672092e-05,0.0012337852,0.0012337852
90.975,-153.49983,45,559,51.020829916000366,53219,0.0,1.3833752,-0.0005515813827514648,3.977859e-05,0.0011643281,0.0011643281
96.675,-154.64421,42,601,54.888599157333374,57316,0.0,1.3833334,-0.00475466251373291,3.7493108e-05,0.0011455755,0.0011455755
93.8,-131.57454,44,645,58.73833870887756,61431,0.0,1.3831571,-0.00014328956604003906,4.1983403e-05,0.0011059664,0.0011059664
92.8,-155.0961,44,689,62.59918141365051,65460,0.0,1.381552,-0.0015960931777954102,4.096906e-05,0.0013161644,0.0013161644
91.55,-132.18906,46,735,66.48480772972107,69584,0.0,1.3828571,-0.00038552284240722656,3.586422e-05,0.0009621854,0.0009621854
94.35,-142.20673,43,778,70.36988425254822,73642,0.0,1.3799465,-5.030632019042969e-05,3.8494392e-05,0.0010789281,0.0010789281
91.15,-133.99129,45,823,74.22524523735046,77713,0.0,1.3802042,0.00027877092361450195,4.192211e-05,0.0011758828,0.0011758828
92.775,-145.10046,44,867,78.08012175559998,81917,0.0,1.3802779,-0.00017964839935302734,3.7539387e-05,0.0011175411,0.0011175411
99.325,-117.35585,41,908,81.9366819858551,85972,0.0,1.3813913,-6.973743438720703e-05,3.927112e-05,0.0011074648,0.0011074648
90.55,-112.926025,45,953,85.78218960762024,90070,0.0,1.3814405,-0.0006159543991088867,3.8375223e-05,0.0010391833,0.0010391833
88.6,-107.93707,46,999,89.64657473564148,94171,0.0,1.3799362,-0.002450704574584961,3.3893637e-05,0.0008457699,0.0008457699
95.225,-120.52867,43,1042,93.51125121116638,98244,0.0,1.3784664,-0.0010182857513427734,2.5000905e-05,0.0010019265,0.0010019265
93.475,-121.927345,44,1086,97.39123153686523,102365,0.0,1.3791637,-0.00015151500701904297,4.0532424e-05,0.0014146608,0.0014146608
94.225,-134.9181,43,1129,101.28773736953735,106473,0.0,1.377571,-0.0002607107162475586,4.13397e-05,0.0014233114,0.0014233114
123.0,-114.91367,31,1160,106.40279746055603,110532,0.0,1.3738842,0.005846679210662842,4.1759336e-05,0.0011825827,0.0011825827
86.225,-110.27189,48,1208,110.24186849594116,114629,0.0,1.3770019,-0.24265265464782715,4.0151408e-05,0.0017797856,0.0017797856
93.725,-122.15361,45,1253,114.10675883293152,118752,0.0,1.3760091,-0.00673222541809082,3.8556995e-05,0.0014056652,0.0014056652
87.75,-122.38167,48,1301,117.96437883377075,122857,0.0,1.3745321,-0.09064793586730957,3.8678743e-05,0.0012526644,0.0012526644
93.425,-105.18484,44,1345,121.8371901512146,126969,0.0,1.3766913,-0.0011633634567260742,3.926208e-05,0.0010363586,0.0010363586
90.0,-111.38025,44,1389,125.6908905506134,130980,0.0,1.3764002,-0.00025153160095214844,4.198744e-05,0.0011117164,0.0011117164
93.25,-112.40315,43,1432,129.57040882110596,135026,0.0,1.3738761,-0.007976651191711426,3.613073e-05,0.001113567,0.001113567
93.875,-105.40305,45,1477,133.45630550384521,139257,0.0,1.3740718,-0.011037945747375488,4.1118703e-05,0.0011793758,0.0011793758
93.325,-110.238625,44,1521,137.30278301239014,143329,0.0,1.3740364,-0.06267845630645752,2.9259192e-05,0.0013457797,0.0013457797
94.45,-102.96616,42,1563,141.18334007263184,147366,0.0,1.3748827,-0.00015544891357421875,3.6824957e-05,0.0008455912,0.0008455912
92.2,-103.55935,45,1608,145.0597903728485,151531,0.0,1.3726182,-0.0001671314239501953,3.9745515e-05,0.0009832073,0.0009832073
94.575,-95.54498,44,1652,148.93010091781616,155597,0.0,1.3750551,0.00028842687606811523,4.4251312e-05,0.00094252534,0.00094252534
96.275,-107.82716,43,1695,152.8104863166809,159734,0.0,1.3720351,0.0007445216178894043,4.629972e-05,0.0012772908,0.0012772908
104.425,-117.45943,39,1734,156.71361207962036,163820,0.0,1.3696648,-0.0082472562789917,3.996078e-05,0.0011210329,0.0011210329
96.725,-113.69701,43,1777,160.60546588897705,167933,0.0,1.3674133,0.010649383068084717,3.679528e-05,0.001109602,0.001109602
95.225,-97.44753,43,1820,164.48365449905396,172001,0.0,1.3711765,0.02469247579574585,4.182887e-05,0.0012606878,0.0012606878
89.85,-101.24982,45,1865,168.3632698059082,176066,0.0,1.3688824,0.015645980834960938,3.605533e-05,0.0009418383,0.0009418383
92.075,-100.006935,45,1910,172.25253129005432,180219,0.0,1.3684387,0.031495869159698486,3.6094218e-05,0.0014927608,0.0014927608
95.175,-106.484886,43,1953,176.144939661026,184311,0.0,1.36809,0.05179339647293091,3.504689e-05,0.0012687935,0.0012687935
91.725,-99.44427,44,1997,180.03314542770386,188399,0.0,1.3656201,0.0711783766746521,3.3703247e-05,0.0019459478,0.0019459478
89.35,-91.89964,45,2042,183.95191407203674,192437,0.0,1.3660662,0.11076188087463379,3.79337e-05,0.0010461855,0.0010461855
94.125,-99.41799,43,2085,187.86227989196777,196542,0.0,1.3646343,0.14224189519882202,3.8936825e-05,0.0011288535,0.0011288535
98.75,-90.793526,42,2127,191.8035430908203,200670,0.0,1.3656781,0.16519248485565186,3.344415e-05,0.0008580732,0.0008580732
102.325,-98.21661,40,2167,195.71040964126587,204763,0.0,1.3666716,0.24236387014389038,4.000708e-05,0.0009510076,0.0009510076
88.9,-89.642235,45,2212,199.58144402503967,208867,0.0,1.3659058,0.20258736610412598,3.254805e-05,0.0013314888,0.0013314888
91.45,-85.193375,44,2256,203.49221062660217,212929,0.0,1.3626846,0.18315404653549194,3.961742e-05,0.0017164828,0.0017164828
94.125,-93.709435,43,2299,207.38988876342773,217025,0.0,1.3602362,0.21850425004959106,4.1268013e-05,0.0015595553,0.0015595553
98.975,-86.2968,42,2341,211.3130829334259,221157,0.0,1.3624865,0.2931528687477112,4.1421692e-05,0.0008993491,0.0008993491
94.25,-89.68615,44,2385,215.24973893165588,225261,0.0,1.3602941,0.2277727723121643,4.1451123e-05,0.0011528389,0.0011528389
98.95,-91.190125,41,2426,219.1475203037262,229314,0.0,1.356349,0.22934186458587646,4.3422813e-05,0.0009293434,0.0009293434
93.9,-80.31988,44,2470,223.05556201934814,233469,0.0,1.362172,0.3973602056503296,3.9536084e-05,0.0011130401,0.0011130401
96.6,-91.20378,41,2511,226.94131803512573,237458,0.0,1.3546524,0.3157092332839966,3.8258193e-05,0.0013204716,0.0013204716
100.025,-80.29602,42,2553,230.85056233406067,241662,0.0,1.3587158,0.2999364137649536,4.3594213e-05,0.0011885402,0.0011885402
101.0,-85.170715,40,2593,234.74667382240295,245702,0.0,1.3550421,0.320401132106781,4.0772153e-05,0.0010281027,0.0010281027
121.3,-73.01829,32,2625,239.86396765708923,249767,0.0,1.3610222,-0.15586495399475098,3.4675853e-05,0.0007984325,0.0007984325
101.85,-84.255135,41,2666,243.83643221855164,253941,0.0,1.3550608,0.22345030307769775,3.598225e-05,0.0010404021,0.0010404021
94.3,-82.134995,43,2709,247.71637225151062,258014,0.0,1.3546813,0.43201613426208496,4.204122e-05,0.0012796297,0.0012796297
103.1,-85.354294,39,2748,251.64371752738953,262046,0.0,1.3531728,0.45180463790893555,3.9343813e-05,0.0013103815,0.0013103815
125.3,-87.20972,32,2780,256.8554651737213,266189,0.0,1.3535109,0.15448057651519775,3.8127764e-05,0.0012224858,0.0012224858
95.325,-91.85819,43,2823,260.8745551109314,270305,0.0,1.3457453,0.27771955728530884,4.3070166e-05,0.0012008876,0.0012008876
103.15,-80.64614,40,2863,264.82256746292114,274431,0.0,1.3515025,0.3974129557609558,4.1649848e-05,0.0010770841,0.0010770841
99.8,-74.36287,40,2903,268.7563819885254,278423,0.0,1.3481998,0.43777740001678467,4.0424107e-05,0.0010279724,0.0010279724
102.925,-81.3276,40,2943,272.65767669677734,282540,0.0,1.3456905,0.5072948336601257,4.290848e-05,0.0012405349,0.0012405349
104.95,-73.1295,39,2982,276.58140206336975,286653,0.0,1.3459129,0.4816599488258362,4.19348e-05,0.0011118053,0.0011118053
102.625,-72.42719,40,3022,280.50171065330505,290758,0.0,1.345387,0.5319165885448456,4.1218027e-05,0.0012592288,0.0012592288
96.625,-69.89955,42,3064,284.4473993778229,294830,0.0,1.3408587,0.3472457528114319,4.144545e-05,0.0013462811,0.0013462811
102.7,-74.22001,40,3104,288.39686489105225,298938,0.0,1.3379397,0.41638219356536865,4.4470158e-05,0.0013508208,0.0013508208
99.8,-75.33832,41,3145,292.3030815124512,303037,0.0,1.3330573,0.3565537929534912,4.3667187e-05,0.0011758846,0.0011758846
96.225,-69.04517,43,3188,296.19465732574463,307161,0.0,1.3341862,0.42554807662963867,3.8038437e-05,0.0011975914,0.0011975914
93.475,-68.56772,43,3231,300.1539554595947,311195,0.0,1.3351815,0.48297667503356934,4.1544612e-05,0.0009824542,0.0009824542
99.325,-69.40105,42,3273,304.072048664093,315382,0.0,1.328239,0.5352984964847565,3.8898885e-05,0.0012269283,0.0012269283
96.75,-70.45629,42,3315,307.9713566303253,319436,0.0,1.3320196,0.4842187166213989,4.3334527e-05,0.0010394141,0.0010394141
107.175,-72.19624,37,3352,311.94052505493164,323465,0.0,1.3281333,0.40484559535980225,4.372145e-05,0.001195043,0.001195043
98.6,-64.88997,41,3393,315.8587908744812,327559,0.0,1.3309777,0.4911919832229614,4.165846e-05,0.0013553597,0.0013553597
105.825,-65.21761,39,3432,319.8120985031128,331701,0.0,1.3289692,0.5294433236122131,4.0418105e-05,0.0010737734,0.0010737734
97.975,-62.594494,42,3474,323.7357397079468,335831,0.0,1.3236747,0.5086444318294525,4.4049688e-05,0.0012079177,0.0012079177
101.45,-58.698475,40,3514,327.71813797950745,339889,0.0,1.327196,0.5921644270420074,4.175052e-05,0.0011946844,0.0011946844
103.2,-57.263165,40,3554,331.7523260116577,344017,0.0,1.3254292,0.5729199051856995,4.3048945e-05,0.0012706341,0.0012706341
101.325,-63.97219,40,3594,335.73608231544495,348070,0.0,1.3223281,0.6206685304641724,4.4338456e-05,0.0013468617,0.0013468617
106.825,-65.331215,38,3632,339.7027714252472,352131,0.0,1.3256018,0.5869897603988647,4.3873493e-05,0.0010975674,0.0010975674
103.35,-56.889935,40,3672,343.65106439590454,356265,0.0,1.3177023,0.5683026909828186,4.3677952e-05,0.0013596594,0.0013596594
108.55,-62.53236,38,3710,347.5897674560547,360369,0.0,1.3123075,0.5767466425895691,4.2791944e-05,0.0011121025,0.0011121025
103.55,-62.696033,40,3750,351.5284125804901,364511,0.0,1.310657,0.5974917709827423,4.4192402e-05,0.0011518488,0.0011518488
104.225,-56.754066,39,3789,355.530611038208,368570,0.0,1.3122909,0.6178226470947266,4.4328634e-05,0.0013475427,0.0013475427
102.925,-61.555786,40,3829,359.46877908706665,372687,0.0,1.3043711,0.6248118877410889,4.2445223e-05,0.0011649276,0.0011649276
102.125,-57.08373,40,3869,363.4192545413971,376772,0.0,1.3041238,0.5965396165847778,4.4162367e-05,0.0013802212,0.0013802212
108.25,-50.685917,37,3906,367.40560817718506,380829,0.0,1.305151,0.5920963287353516,3.780928e-05,0.0011212818,0.0011212818
107.425,-51.965984,39,3945,371.3875410556793,384987,0.0,1.3028793,0.6186814904212952,4.567891e-05,0.0013999973,0.0013999973
107.725,-51.997314,38,3983,375.4668138027191,389025,0.0,1.29834,0.6625027656555176,4.35449e-05,0.0013864846,0.0013864846
110.275,-49.32673,37,4020,379.45700550079346,393116,0.0,1.3015367,0.6943431794643402,4.2143794e-05,0.0012044609,0.0012044609
108.075,-48.990604,38,4058,383.4378116130829,397273,0.0,1.2971935,0.6138236820697784,4.4212713e-05,0.0012947723,0.0012947723
103.925,-48.01605,39,4097,387.3836863040924,401358,0.0,1.2922491,0.6819536089897156,3.7481244e-05,0.0010969061,0.0010969061
107.35,-43.718452,38,4135,391.35336661338806,405450,0.0,1.289815,0.6376908421516418,4.005725e-05,0.001367298,0.001367298
107.075,-51.048134,38,4173,395.371150970459,409502,0.0,1.2834623,0.6651462614536285,4.3672495e-05,0.0011816305,0.0011816305
113.85,-46.065132,36,4209,399.3768744468689,413638,0.0,1.2916675,0.6806580722332001,4.0284634e-05,0.0011852873,0.0011852873
115.825,-51.29015,35,4244,403.3885416984558,417738,0.0,1.2896934,0.6693225800991058,4.3462518e-05,0.0010492848,0.0010492848
107.575,-55.23037,38,4282,407.3665654659271,421839,0.0,1.277866,0.6478866636753082,4.4705783e-05,0.0011994058,0.0011994058
109.325,-41.380585,37,4319,411.3555715084076,425924,0.0,1.2801073,0.5876972079277039,4.501659e-05,0.0013273061,0.0013273061
108.9,-45.791676,37,4356,415.39822363853455,429951,0.0,1.2680099,0.6575090885162354,4.503197e-05,0.0012541157,0.0012541157
136.25,-40.52874,28,4384,420.2169678211212,434096,0.0,1.2915207,-0.06987607479095459,4.205706e-05,0.0008807367,0.0008807367
112.875,-40.494602,36,4420,424.20494842529297,438222,0.0,1.2769866,0.6862693130970001,3.8389197e-05,0.0008894681,0.0008894681
104.95,-40.175648,39,4459,428.23076581954956,442341,0.0,1.2670538,0.6751475632190704,4.4550576e-05,0.0013064593,0.0013064593
111.575,-29.693844,36,4495,432.2619411945343,446406,0.0,1.2735927,0.6963362991809845,4.3101412e-05,0.0011860899,0.0011860899
117.8,-38.127018,35,4530,436.27786922454834,450479,0.0,1.2743142,0.672659695148468,4.5800174e-05,0.0013793139,0.0013793139
114.625,-41.927612,36,4566,440.29716634750366,454588,0.0,1.2675266,0.7210234999656677,4.283397e-05,0.0011877146,0.0011877146
111.95,-34.517452,37,4603,444.31227445602417,458725,0.0,1.257168,0.7208729386329651,4.423259e-05,0.0012507896,0.0012507896
116.625,-34.741707,35,4638,448.3352220058441,462840,0.0,1.2607718,0.7760409861803055,4.5264605e-05,0.0011774236,0.0011774236
113.525,-26.655762,36,4674,452.3315644264221,466931,0.0,1.259212,0.7053607404232025,4.4813554e-05,0.0011624737,0.0011624737
111.25,-27.082764,36,4710,456.32947540283203,470959,0.0,1.2591163,0.7758708298206329,4.1107625e-05,0.001160338,0.001160338
114.65,-25.56206,36,4746,460.34027767181396,475123,0.0,1.2522622,0.771994948387146,4.4045268e-05,0.0009490128,0.0009490128
119.025,-30.27948,34,4780,464.3835988044739,479179,0.0,1.2498804,0.6880121529102325,3.9703664e-05,0.0010486774,0.0010486774
117.55,-40.28925,35,4815,468.3941640853882,483272,0.0,1.2504485,0.7730562090873718,4.52811e-05,0.0011985411,0.0011985411
117.325,-26.411871,35,4850,472.4361846446991,487417,0.0,1.2419841,0.7557146549224854,4.427846e-05,0.0011240604,0.0011240604
117.175,-27.598911,34,4884,476.46910548210144,491441,0.0,1.2493747,0.7399117350578308,3.915047e-05,0.0010391141,0.0010391141
116.175,-35.79986,36,4920,480.4888982772827,495578,0.0,1.2364135,0.790069654583931,4.6777237e-05,0.0012425177,0.0012425177
115.025,-25.111843,35,4955,484.5148284435272,499658,0.0,1.2334971,0.7288164794445038,3.8313323e-05,0.0010652251,0.0010652251
115.925,-29.477478,35,4990,488.5391354560852,503802,0.0,1.2282323,0.7316980063915253,4.2047715e-05,0.00096530165,0.00096530165
115.175,-24.46379,35,5025,492.59846448898315,507866,0.0,1.228048,0.6643163561820984,4.554654e-05,0.0012073236,0.0012073236
118.85,-16.606686,34,5059,496.6440908908844,511961,0.0,1.2302725,0.7545194774866104,4.4607736e-05,0.001192802,0.001192802
119.65,-17.605923,35,5094,500.67831087112427,516092,0.0,1.2189021,0.7277256548404694,4.6785284e-05,0.0014389898,0.0014389898
119.45,-25.18341,33,5127,504.715300321579,520147,0.0,1.2297177,0.8026100099086761,3.9947496e-05,0.0010979807,0.0010979807
123.7,-22.795471,33,5160,508.76681184768677,524163,0.0,1.227138,0.7471597492694855,4.2841333e-05,0.0010049721,0.0010049721
118.625,-13.148176,35,5195,512.8327360153198,528322,0.0,1.2150002,0.704840362071991,4.685255e-05,0.0012419262,0.0012419262
121.725,-13.117041,26,5221,517.6920394897461,531487,0.0,1.2406303,0.048820316791534424,4.2573654e-05,0.0007686963,0.0007686963
144.65,-13.448202,34,5255,521.7662153244019,536530,0.0,1.2148466,0.7801719605922699,4.2860345e-05,0.0012070785,0.0012070785
121.375,-16.779694,33,5288,525.8380677700043,540556,0.0,1.2060916,0.7890893667936325,4.5052293e-05,0.0010909425,0.0010909425
124.225,-10.086384,33,5321,529.8883879184723,544725,0.0,1.2193947,0.7830215394496918,4.151946e-05,0.0008707057,0.0008707057
122.575,-18.447092,34,5355,533.921799659729,548755,0.0,1.2023169,0.8076752722263336,4.107626e-05,0.001181198,0.001181198
147.45,-23.316975,26,5381,538.794620513916,552930,0.0,1.2149639,0.4183419942855835,4.2568412e-05,0.00092972256,0.00092972256
166.075,-20.139858,26,5407,543.9223427772522,556964,0.0,1.2206209,0.5102823674678802,4.3294196e-05,0.001149669,0.001149669
149.05,-13.853966,32,5439,548.0059907436371,561107,0.0,1.2062882,0.826400950551033,4.2501233e-05,0.0012964706,0.0012964706
130.575,-13.039569,32,5471,552.0790297985077,565229,0.0,1.1995968,0.8034858703613281,4.338735e-05,0.00092473725,0.00092473725
116.85,-9.645205,34,5505,556.1311559677124,569260,0.0,1.1845434,0.7899419963359833,4.427116e-05,0.0011560831,0.0011560831
143.3,-7.1578827,26,5531,561.2232825756073,573372,0.0,1.2207801,0.4685209393501282,3.639106e-05,0.00092736096,0.00092736096
150.95,-8.549704,26,5557,566.0816516876221,576744,0.0,1.2071363,0.5804902613162994,4.1275976e-05,0.0013078803,0.0013078803
150.475,-8.88333,31,5588,570.680899143219,581590,0.0,1.1926305,0.7288664281368256,4.3007283e-05,0.001174882,0.001174882
126.175,-7.0725846,32,5620,574.83380651474,585667,0.0,1.1835344,0.7650424689054489,4.537191e-05,0.0012689533,0.0012689533
130.6,-8.125109,31,5651,578.9559559822083,589816,0.0,1.1923759,0.8250314295291901,4.2265317e-05,0.0011397861,0.0011397861
150.875,-0.83340454,25,5676,584.6077253818512,593857,0.0,1.1999562,0.6696711778640747,4.1100324e-05,0.0010568978,0.0010568978
133.3,-4.9372816,30,5706,588.6874749660492,597939,0.0,1.1858802,0.7884724140167236,4.70297e-05,0.0013128455,0.0013128455
131.75,-7.849575,27,5733,593.2477498054504,601395,0.0,1.1840098,0.6586083173751831,4.0300656e-05,0.0010138438,0.0010138438
175.775,-5.4080462,22,5755,598.8700609207153,606052,0.0,1.2196621,0.5701059699058533,4.4511497e-05,0.000859337,0.000859337
151.725,0.29266873,32,5787,603.0286128520966,610215,0.0,1.1653202,0.7567178606987,4.0248087e-05,0.0010547261,0.0010547261
130.975,1.3448782,32,5819,607.164674282074,614400,0.0,1.1688567,0.7955435365438461,4.2727035e-05,0.0011210329,0.0011210329
131.3,0.45361558,31,5850,611.3109700679779,618459,0.0,1.1664976,0.8102106600999832,4.367968e-05,0.0010272104,0.0010272104
153.675,-1.1136463,24,5874,616.5837962627411,622538,0.0,1.2023072,0.6512431800365448,3.9812734e-05,0.0009929071,0.0009929071
156.025,4.4007425,31,5905,620.7381763458252,626639,0.0,1.1664004,0.732094019651413,4.520583e-05,0.0011340799,0.0011340799
130.3,-7.239272,31,5936,624.8858785629272,630664,0.0,1.1532354,0.795973539352417,4.2209344e-05,0.0009538165,0.0009538165
160.425,-4.6515427,16,5952,632.1864564418793,633956,0.0,1.2284563,0.4379776120185852,3.806632e-05,0.0010831566,0.0010831566
156.425,-0.3843464,32,5984,636.5874843597412,638934,0.0,1.1466591,0.8048094213008881,4.037533e-05,0.0010368298,0.0010368298
150.85,6.6519904,25,6009,642.0145175457001,642999,0.0,1.1749451,0.7393830716609955,3.949229e-05,0.00075771846,0.00075771846
200.45,7.1122084,16,6025,649.0474774837494,647045,0.0,1.2262065,0.5591401755809784,4.2334563e-05,0.0009816071,0.0009816071
240.725,11.266703,12,6037,657.3826375007629,650266,0.0,1.2444978,0.3981740474700928,4.5340923e-05,0.0010879132,0.0010879132
219.5,3.0596461,24,6061,661.9980545043945,655240,0.0,1.176312,0.5614057183265686,3.988335e-05,0.0009246081,0.0009246081
195.35,2.1578782,18,6079,668.5357038974762,659224,0.0,1.2153115,0.13761693239212036,3.957624e-05,0.0010247522,0.0010247522
249.225,-1.2058487,11,6090,676.7073307037354,663450,0.0,1.2490842,0.3402446508407593,3.7765e-05,0.0010258651,0.0010258651
204.425,-3.15595,26,6116,681.570981502533,666985,0.0,1.1518134,0.6943207085132599,4.526172e-05,0.0012073724,0.0012073724
199.5,8.462156,16,6132,688.95680975914,671744,0.0,1.211625,0.2626141309738159,4.1522595e-05,0.00095401244,0.00095401244
230.375,12.143255,21,6153,694.87903881073,675797,0.0,1.192447,0.5751725435256958,4.258591e-05,0.0011489261,0.0011489261
210.475,13.236249,17,6170,701.2382724285126,679917,0.0,1.2083433,0.6183304786682129,4.1168154e-05,0.0010531591,0.0010531591
267.8,6.716873,8,6178,708.8535470962524,683350,0.0,1.2638667,0.38081181049346924,4.361142e-05,0.001027148,0.001027148
314.65,4.6045814,13,6191,715.9038541316986,688086,0.0,1.1980076,0.341876745223999,4.0723768e-05,0.0011569159,0.0011569159
319.475,-5.8750763,13,6204,722.142828464508,691828,0.0,1.2017899,0.2709081768989563,4.15304e-05,0.0009068208,0.0009068208
240.75,3.4798865,18,6222,729.4989528656006,696123,0.0,1.203727,0.5569756329059601,4.50482e-05,0.0010132039,0.0010132039
299.55,8.055435,11,6233,737.0961577892303,700333,0.0,1.2415296,0.42828845977783203,4.1901374e-05,0.001202586,0.001202586
275.3,8.740159,17,6250,743.5358605384827,704499,0.0,1.2073035,0.5794794857501984,3.9405168e-05,0.001179507,0.001179507
318.525,7.9234915,10,6260,751.2316966056824,708538,0.0,1.2582405,0.39160990715026855,4.0450475e-05,0.00082872243,0.00082872243
294.0,8.629341,13,6273,759.6781015396118,712093,0.0,1.2314112,0.5512711405754089,3.7823767e-05,0.0008411893,0.0008411893
312.875,10.231703,15,6288,766.5957057476044,716745,0.0,1.212251,0.5483086109161377,4.2046384e-05,0.0010931874,0.0010931874
313.4,18.636295,11,6299,775.1320445537567,720894,0.0,1.2389675,0.6237890124320984,3.895638e-05,0.0009449755,0.0009449755
294.125,14.908836,16,6315,781.8293325901031,724986,0.0,1.1808479,0.5920529663562775,3.762345e-05,0.0008718474,0.0008718474
317.425,13.299604,10,6325,789.8907468318939,728982,0.0,1.2494273,0.4785795211791992,4.2393985e-05,0.00087475363,0.00087475363
335.65,16.691055,11,6336,797.9719047546387,733036,0.0,1.226716,0.5753796100616455,4.1255997e-05,0.0011047883,0.0011047883
313.85,19.655931,16,6352,804.2993545532227,737111,0.0,1.1855385,0.5208781361579895,4.111263e-05,0.0009431773,0.0009431773
357.075,24.443274,9,6361,812.1002640724182,740981,0.0,1.2402866,0.5224744975566864,4.3137756e-05,0.0010633175,0.0010633175
358.775,21.993519,7,6368,821.3346619606018,744602,0.0,1.2687918,0.5157449841499329,3.728836e-05,0.0010224609,0.0010224609
381.375,17.116974,10,6378,829.3456411361694,748630,0.0,1.225563,0.42443692684173584,3.8932245e-05,0.0008880702,0.0008880702
423.15,19.348007,10,6388,836.7194652557373,753511,0.0,1.2366157,0.41423314809799194,3.9491497e-05,0.00091207377,0.00091207377
488.625,19.925716,5,6393,845.6924779415131,757656,0.0,1.2512922,0.6027823686599731,4.33489e-05,0.0010515972,0.0010515972
492.6,13.809767,10,6403,853.6595735549927,761815,0.0,1.2451017,0.40522301197052,3.978536e-05,0.0011564947,0.0011564947
512.475,16.60264,5,6408,863.3804638385773,765101,0.0,1.2589412,0.54493448138237,3.884413e-05,0.0011028149,0.0011028149
446.3,15.739059,14,6422,870.8888711929321,769646,0.0,1.1987877,0.4279663562774658,4.0451567e-05,0.0010281899,0.0010281899
448.4,14.982004,8,6430,879.4257066249847,773447,0.0,1.2411627,0.4253461956977844,4.1474537e-05,0.0012785192,0.0012785192
403.625,15.679983,13,6443,887.7835214138031,777960,0.0,1.1918218,0.5244031250476837,3.9940613e-05,0.0010351288,0.0010351288
424.425,17.53242,5,6448,897.5163745880127,782078,0.0,1.2705756,0.5733792185783386,4.0347324e-05,0.0010203375,0.0010203375
419.35,10.5868635,12,6460,904.5899295806885,786118,0.0,1.2033433,0.3937564492225647,4.1168707e-05,0.0007797892,0.0007797892
482.325,20.040403,5,6465,913.6376855373383,790256,0.0,1.2735751,0.4677375555038452,4.1524374e-05,0.0008201272,0.0008201272
472.6,14.114652,9,6474,921.5836601257324,793764,0.0,1.2367572,0.5019442737102509,4.204205e-05,0.0008583049,0.0008583049
513.775,18.178173,6,6480,929.9559245109558,798079,0.0,1.2538794,0.5471223294734955,4.075149e-05,0.0010523585,0.0010523585
514.45,17.25759,8,6488,939.2548904418945,802656,0.0,1.2455516,0.5683326125144958,3.572608e-05,0.0007498268,0.0007498268
549.2,25.722462,6,6494,948.1674199104309,806315,0.0,1.2695328,0.6231532990932465,3.9162558e-05,0.0010957716,0.0010957716
613.425,29.783056,6,6500,957.253725528717,810655,0.0,1.2673612,0.615873396396637,3.919399e-05,0.00095368485,0.00095368485
558.675,31.423168,7,6507,965.9603428840637,814285,0.0,1.2485619,0.3573325276374817,4.0036844e-05,0.0010770673,0.0010770673
615.15,25.998652,7,6514,974.2344834804535,818370,0.0,1.2310741,0.5393926203250885,3.6117453e-05,0.0008687775,0.0008687775
636.425,26.055048,4,6518,984.7969818115234,822370,0.0,1.2781794,0.7318111062049866,4.043244e-05,0.0010092664,0.0010092664
657.275,26.090265,5,6523,994.0821166038513,827370,0.0,1.2540337,0.634845495223999,3.980012e-05,0.0010840904,0.0010840904
700.875,25.581345,6,6529,1001.848640203476,831040,0.0,1.2491884,0.5611013174057007,4.1949977e-05,0.0011165036,0.0011165036
698.475,24.261179,7,6536,1010.4491217136383,835417,0.0,1.2584765,0.4956508278846741,3.5142744e-05,0.0010558605,0.0010558605
677.65,24.996637,7,6543,1019.2053620815277,839091,0.0,1.2350364,0.4816497564315796,3.663078e-05,0.00092684396,0.00092684396
698.925,28.92686,5,6548,1028.4858632087708,843242,0.0,1.2788677,0.7268474102020264,4.0581057e-05,0.0013626763,0.0013626763
636.5,33.62943,10,6558,1036.434425354004,847830,0.0,1.211827,0.4999482035636902,4.081164e-05,0.0009362088,0.0009362088
594.225,36.509125,6,6564,1046.362329006195,851314,0.0,1.2675753,0.5987603962421417,3.919593e-05,0.0013272618,0.0013272618
588.375,41.977177,6,6570,1055.617589712143,855575,0.0,1.2656021,0.7544209361076355,3.5992685e-05,0.0011937987,0.0011937987
611.4,42.11663,6,6576,1064.4916443824768,859873,0.0,1.2383578,0.263325572013855,3.758145e-05,0.000898637,0.000898637
631.4,42.717934,5,6581,1074.3703150749207,864002,0.0,1.2681851,0.7920173704624176,4.210713e-05,0.0009154884,0.0009154884
629.825,37.160515,6,6587,1083.2640323638916,868284,0.0,1.2080057,0.5539742112159729,4.0153973e-05,0.001087602,0.001087602
689.625,40.60744,5,6592,1091.989625453949,872422,0.0,1.2780993,0.7088312208652496,4.175731e-05,0.00096263783,0.00096263783
722.55,42.850197,4,6596,1100.7408680915833,876422,0.0,1.2593037,0.8213920891284943,4.216213e-05,0.001011887,0.001011887
764.8,44.81346,4,6600,1109.5473055839539,880422,0.0,1.2860093,0.815312072634697,4.0702424e-05,0.0011282812,0.0011282812
807.175,47.09867,5,6605,1118.6207621097565,884601,0.0,1.2670586,0.6356628239154816,4.0139894e-05,0.0009781425,0.0009781425
829.55,44.368286,5,6610,1129.0104141235352,888757,0.0,1.2750425,0.6257433891296387,4.2194024e-05,0.0015323226,0.0015323226
872.1,51.89192,4,6614,1138.9195613861084,892757,0.0,1.272129,0.8318031579256058,4.3617016e-05,0.000779643,0.000779643
875.4,50.779472,5,6619,1148.2501230239868,897018,0.0,1.2642001,0.6096673011779785,4.14582e-05,0.0013333561,0.0013333561
853.225,53.300953,5,6624,1156.8900439739227,900300,0.0,1.2596719,0.7174937129020691,3.9390747e-05,0.0008601033,0.0008601033
876.8,53.34713,5,6629,1166.6123704910278,904494,0.0,1.272525,0.8035451471805573,3.672206e-05,0.0010052868,0.0010052868
868.925,48.609463,5,6634,1176.7326612472534,909179,0.0,1.2623993,0.5752870440483093,3.6442052e-05,0.00089709344,0.00089709344
846.9,46.06543,5,6639,1185.1719946861267,913298,0.0,1.2455425,0.4678499102592468,3.921907e-05,0.0010228544,0.0010228544
846.075,45.47721,5,6644,1194.0984077453613,917444,0.0,1.2722096,0.654484748840332,4.1637675e-05,0.0014327011,0.0014327011
794.95,36.191566,7,6651,1202.9683046340942,921555,0.0,1.2358615,0.4657706022262573,4.2247506e-05,0.001364207,0.001364207
729.3,27.68299,7,6658,1211.649974346161,925190,0.0,1.2099998,0.3168671727180481,4.00898e-05,0.0009054989,0.0009054989
730.1,23.970226,6,6664,1221.2054991722107,929504,0.0,1.2471148,0.6226779222488403,3.937393e-05,0.0010218698,0.0010218698
713.775,19.175022,5,6669,1230.7270050048828,933045,0.0,1.245717,0.5206649005413055,4.217363e-05,0.0008741583,0.0008741583
721.65,23.317127,4,6673,1240.205552816391,937045,0.0,1.2592402,0.6813429296016693,3.8821294e-05,0.00085617404,0.00085617404
723.075,21.071743,5,6678,1249.005764245987,941221,0.0,1.2611349,0.75796839594841,4.241259e-05,0.0010109342,0.0010109342
744.425,24.919806,4,6682,1257.9062736034393,945221,0.0,1.2469199,0.7355617582798004,4.2006715e-05,0.0010339937,0.0010339937
759.8,28.207367,5,6687,1266.7092778682709,949380,0.0,1.2399974,0.6449211239814758,4.247341e-05,0.0010894128,0.0010894128
782.25,32.31262,5,6692,1275.8511748313904,953845,0.0,1.264622,0.7029050290584564,4.2756164e-05,0.0016833674,0.0016833674
804.675,40.036213,7,6699,1284.997605085373,958377,0.0,1.2462533,0.5176505744457245,3.5242614e-05,0.0011554772,0.0011554772
785.475,39.801044,6,6705,1293.3837325572968,961923,0.0,1.1877575,0.4103015661239624,4.6032488e-05,0.0012398104,0.0012398104
821.95,49.021385,4,6709,1302.6008372306824,965923,0.0,1.2712986,0.6838214695453644,3.638992e-05,0.00096706214,0.00096706214
800.525,53.88241,5,6714,1311.0778815746307,970066,0.0,1.2679956,0.5687743723392487,4.0457224e-05,0.00095955364,0.00095955364
821.125,51.538685,4,6718,1321.0371296405792,974066,0.0,1.2871568,0.8596817255020142,4.0044695e-05,0.0012012736,0.0012012736
749.075,44.78777,8,6726,1328.89865732193,978343,0.0,1.2232451,0.39831072092056274,4.4117674e-05,0.0010140187,0.0010140187
728.35,40.11907,5,6731,1337.3790228366852,982514,0.0,1.2466198,0.5392490029335022,3.7452846e-05,0.0009487282,0.0009487282
762.2,42.83954,4,6735,1348.278516292572,986514,0.0,1.2640829,0.7500853687524796,3.990093e-05,0.0013075736,0.0013075736
802.65,41.21305,5,6740,1357.4476878643036,990658,0.0,1.2605507,0.7236480116844177,4.0509047e-05,0.0014118453,0.0014118453
822.225,44.3066,4,6744,1366.5416796207428,994658,0.0,1.2619052,0.8328254669904709,4.4239438e-05,0.0011276837,0.0011276837
782.125,33.28955,7,6751,1375.0395467281342,999208,0.0,1.2061,0.2650529146194458,4.2058447e-05,0.0010193657,0.0010193657
772.375,30.19779,5,6756,1384.1934869289398,1002961,0.0,1.2516472,0.23027563095092773,4.061105e-05,0.0008816354,0.0008816354
793.575,34.208862,5,6761,1392.7016034126282,1007143,0.0,1.2439388,0.7082102596759796,4.09864e-05,0.0010509961,0.0010509961
814.7,33.212906,5,6766,1401.9165623188019,1010931,0.0,1.2277086,0.6180308759212494,3.8445163e-05,0.00080669246,0.00080669246
835.425,38.6054,4,6770,1410.969803571701,1014931,0.0,1.2528564,0.7496826946735382,4.1143594e-05,0.001078025,0.001078025
793.7,40.510357,6,6776,1419.547654390335,1019262,0.0,1.2310472,0.7077081799507141,4.2240546e-05,0.001235702,0.001235702
781.525,36.01255,6,6782,1429.5665304660797,1023919,0.0,1.2365859,0.6072637736797333,4.1316358e-05,0.0009992705,0.0009992705
781.525,34.738422,4,6786,1439.2465686798096,1027919,0.0,1.2256272,0.6596910357475281,4.1717132e-05,0.00088582403,0.00088582403
824.6,37.011333,4,6790,1448.975091934204,1031919,0.0,1.2736185,0.8844091221690178,4.1302563e-05,0.0009475456,0.0009475456
859.8,43.173336,4,6794,1458.1388292312622,1035353,0.0,1.2652274,0.6301093697547913,3.685398e-05,0.0010301673,0.0010301673
880.25,48.827477,5,6799,1467.9450376033783,1040353,0.0,1.2654921,0.8789985701441765,4.1297026e-05,0.0011840195,0.0011840195
889.7,49.97973,4,6803,1477.4890356063843,1044353,0.0,1.2296348,0.762714296579361,3.8886847e-05,0.0010456417,0.0010456417
910.55,50.88807,4,6807,1486.450031042099,1048353,0.0,1.2405202,0.8683685958385468,3.672177e-05,0.001264693,0.001264693
872.8,46.316406,5,6812,1495.335795879364,1051843,0.0,1.231422,0.5322959125041962,3.848441e-05,0.0010929198,0.0010929198
893.875,45.881084,5,6817,1504.2820973396301,1056017,0.0,1.2507423,0.5849184095859528,4.0819585e-05,0.0013885411,0.0013885411
885.325,52.950447,6,6823,1513.33668923378,1060332,0.0,1.2406693,0.7997653633356094,3.5934725e-05,0.0010024355,0.0010024355
847.9,50.46584,6,6829,1521.4965217113495,1064835,0.0,1.2423931,0.6170536577701569,4.14763e-05,0.0014169724,0.0014169724
854.125,51.038933,4,6833,1529.87105178833,1068518,0.0,1.2593896,0.6973623931407928,4.162661e-05,0.0010208595,0.0010208595
841.675,38.250767,5,6838,1538.5155551433563,1073020,0.0,1.2476256,0.8607860505580902,4.0807918e-05,0.0011562412,0.0011562412
820.025,40.423286,5,6843,1547.4260823726654,1077154,0.0,1.2626946,0.5790448784828186,3.9314975e-05,0.0010989743,0.0010989743
820.025,40.30641,4,6847,1557.2772676944733,1081154,0.0,1.2330279,0.4863499402999878,4.2507767e-05,0.001075254,0.001075254
839.7,39.486176,5,6852,1566.028576374054,1085431,0.0,1.2651389,0.5613752007484436,3.953129e-05,0.0011791069,0.0011791069
847.95,36.202168,4,6856,1575.1852543354034,1088935,0.0,1.1999427,0.7655879110097885,4.031934e-05,0.0009885093,0.0009885093
847.95,37.838066,4,6860,1584.1589884757996,1092935,0.0,1.2684147,0.7848787158727646,3.8479535e-05,0.00086230086,0.00086230086
890.075,33.504513,4,6864,1593.9880681037903,1096935,0.0,1.2514067,0.7853752672672272,3.8686303e-05,0.0010856877,0.0010856877
927.5,40.025234,4,6868,1603.1635286808014,1100935,0.0,1.246736,0.6710977256298065,4.2419408e-05,0.0011981972,0.0011981972
935.425,44.16607,4,6872,1612.034684419632,1104935,0.0,1.2553444,0.668835312128067,4.5497633e-05,0.0010511946,0.0010511946
920.275,45.661354,5,6877,1621.012507200241,1109119,0.0,1.2674358,0.6711324751377106,3.730267e-05,0.0012048978,0.0012048978
949.125,51.0601,4,6881,1629.4339196681976,1113119,0.0,1.2177355,0.7382473349571228,4.0509767e-05,0.0009921896,0.0009921896
949.125,52.223488,5,6886,1637.7893993854523,1118119,0.0,1.2207685,0.8641464859247208,4.6284946e-05,0.0010464974,0.0010464974
949.125,57.251915,4,6890,1646.444887638092,1122119,0.0,1.2708673,0.9140846505761147,4.2296408e-05,0.0010862441,0.0010862441
969.8,62.66493,4,6894,1655.8020260334015,1125727,0.0,1.2629461,0.7266172170639038,3.8433223e-05,0.0010451463,0.0010451463
947.475,63.42915,5,6899,1663.9895651340485,1129834,0.0,1.2512622,0.5777415037155151,3.6941477e-05,0.0012294883,0.0012294883
927.8,66.67589,5,6904,1673.7297749519348,1134047,0.0,1.2484844,0.623370885848999,4.2394313e-05,0.001055303,0.001055303
927.8,63.725464,4,6908,1683.0276515483856,1138047,0.0,1.2672479,0.8331046402454376,4.310375e-05,0.000838774,0.000838774
906.9,63.2192,5,6913,1691.9896466732025,1142211,0.0,1.2418356,0.7797591388225555,3.889078e-05,0.00090510654,0.00090510654
908.775,62.441895,5,6918,1701.8516764640808,1146470,0.0,1.2427027,0.580664187669754,3.5132798e-05,0.0015461603,0.0015461603
908.775,64.65065,4,6922,1711.0123808383942,1150470,0.0,1.268434,0.5348968505859375,4.3083302e-05,0.0007263086,0.0007263086
908.775,64.02593,4,6926,1720.7721767425537,1154470,0.0,1.2676891,0.8915318921208382,3.936969e-05,0.0009349026,0.0009349026
867.7,58.897194,6,6932,1730.559168100357,1158827,0.0,1.2342143,0.6071203351020813,4.0340088e-05,0.0010791488,0.0010791488
899.825,67.67912,4,6936,1740.6567561626434,1162827,0.0,1.2607,0.8397169262170792,4.5629906e-05,0.0014262031,0.0014262031
878.45,67.368614,5,6941,1749.6706776618958,1166972,0.0,1.2433112,0.6131847500801086,4.3365802e-05,0.0014933869,0.0014933869
898.125,68.59634,4,6945,1758.6937415599823,1170972,0.0,1.2265466,0.8030785471200943,4.306905e-05,0.0009796709,0.0009796709
854.875,67.51582,6,6951,1767.705534696579,1175242,0.0,1.1967803,0.603644609451294,3.910785e-05,0.001597962,0.001597962
875.775,66.47355,4,6955,1776.299779176712,1179242,0.0,1.2471441,0.7531433552503586,4.362243e-05,0.0010563871,0.0010563871
894.3,69.55916,4,6959,1785.8524389266968,1183242,0.0,1.2189609,0.5995751023292542,4.0698673e-05,0.0009418685,0.0009418685
894.3,68.35072,4,6963,1795.3254511356354,1187242,0.0,1.2642499,0.7440305650234222,3.8827668e-05,0.0009917654,0.0009917654
894.3,69.45475,4,6967,1803.5513243675232,1191242,0.0,1.2668476,0.895753338932991,3.9618342e-05,0.0009191417,0.0009191417
935.375,72.60129,4,6971,1812.9425992965698,1195242,0.0,1.2466427,0.8270732164382935,4.5701934e-05,0.0014500608,0.0014500608
920.575,66.56926,5,6976,1821.1413638591766,1199650,0.0,1.2275932,0.6331887245178223,4.2980333e-05,0.0011419071,0.0011419071
921.025,65.780396,5,6981,1829.6391088962555,1203813,0.0,1.2532878,0.8560356795787811,4.191716e-05,0.0015349,0.0015349
900.5,69.6541,5,6986,1837.9687469005585,1207992,0.0,1.2526634,0.2059672474861145,3.6493406e-05,0.0009514727,0.0009514727
943.75,73.14101,4,6990,1847.0567495822906,1211992,0.0,1.275227,0.9118094369769096,3.919385e-05,0.0011966726,0.0011966726
923.025,72.97808,5,6995,1856.4982380867004,1216163,0.0,1.2558277,0.7283126413822174,4.5628323e-05,0.0009821283,0.0009821283
923.025,72.62825,4,6999,1865.03879737854,1220163,0.0,1.2474077,0.7965926378965378,4.164858e-05,0.0011388228,0.0011388228
909.1,67.479515,5,7004,1873.8476946353912,1224606,0.0,1.203263,0.6412438750267029,3.955436e-05,0.0010603135,0.0010603135
909.1,69.9639,4,7008,1881.9887108802795,1228606,0.0,1.2646306,0.9064735993742943,4.1218584e-05,0.0009486447,0.0009486447
903.75,73.59043,5,7013,1891.1228907108307,1232800,0.0,1.2453514,0.6926223933696747,3.9279766e-05,0.001699371,0.001699371
903.75,72.95344,4,7017,1900.5893828868866,1236800,0.0,1.2666025,0.9308618307113647,3.871508e-05,0.0012233284,0.0012233284
924.675,68.94786,4,7021,1909.6555292606354,1240800,0.0,1.2351501,0.8923566788434982,4.4857836e-05,0.00095781847,0.00095781847
903.95,67.51624,6,7027,1917.928499698639,1245150,0.0,1.2223178,0.6993309855461121,4.0871528e-05,0.0015178367,0.0015178367
903.95,67.90897,4,7031,1926.711939573288,1249150,0.0,1.2372518,0.7722730189561844,4.4011664e-05,0.0010103205,0.0010103205
924.675,67.23732,4,7035,1935.87956905365,1253150,0.0,1.227839,0.8891089558601379,3.9430473e-05,0.00075010216,0.00075010216
903.4,68.61096,5,7040,1945.2174344062805,1257299,0.0,1.2462703,0.692023754119873,4.1381325e-05,0.0017507169,0.0017507169
917.325,69.14304,4,7044,1954.1444697380066,1261299,0.0,1.2066653,0.7751004844903946,3.9885213e-05,0.0010250967,0.0010250967
899.825,60.503345,5,7049,1964.7623343467712,1265599,0.0,1.2266493,0.6759192049503326,4.4616456e-05,0.0011562769,0.0011562769
919.975,64.724884,4,7053,1973.657546043396,1269599,0.0,1.253918,0.9293091595172882,3.8940896e-05,0.0010892517,0.0010892517
919.975,62.5962,4,7057,1983.3559839725494,1273599,0.0,1.2221379,0.8183741569519043,3.5886667e-05,0.00073598645,0.00073598645
919.975,62.971092,4,7061,1992.6652817726135,1277599,0.0,1.1890466,0.8083607405424118,3.7662114e-05,0.00079325744,0.00079325744
940.3,67.61167,4,7065,2000.7070980072021,1281599,0.0,1.2559602,0.8933659791946411,4.21693e-05,0.0014094978,0.0014094978
961.225,71.92472,4,7069,2009.9975984096527,1285599,0.0,1.2641253,0.9225639328360558,4.908465e-05,0.0011206792,0.0011206792
940.9,70.62091,5,7074,2018.3149225711823,1289786,0.0,1.2102547,0.546567291021347,4.0008243e-05,0.0011087225,0.0011087225
941.175,71.53101,5,7079,2028.0081264972687,1293946,0.0,1.2573869,0.7840178608894348,4.0833896e-05,0.0012152363,0.0012152363
926.85,69.95949,5,7084,2037.7352757453918,1298373,0.0,1.2458317,0.6383776664733887,4.210289e-05,0.0012635997,0.0012635997
944.35,75.031944,4,7088,2047.1228368282318,1302373,0.0,1.2344024,0.8748347461223602,4.314355e-05,0.000974223,0.000974223
944.35,72.66142,4,7092,2056.9224247932434,1306373,0.0,1.247674,0.4770573377609253,4.715918e-05,0.0010498697,0.0010498697
944.35,74.03868,4,7096,2065.9346208572388,1310373,0.0,1.245045,0.9015911519527435,3.8801983e-05,0.0011245958,0.0011245958
928.6,73.369644,5,7101,2074.648359298706,1314743,0.0,1.2362475,0.672111988067627,3.796863e-05,0.00083928613,0.00083928613
885.875,66.2732,5,7106,2083.090089559555,1318034,0.0,1.2494578,0.5439893007278442,3.982275e-05,0.0015758038,0.0015758038
885.875,65.42645,4,7110,2092.3134927749634,1322034,0.0,1.2614748,0.8442963659763336,3.8979888e-05,0.0009988728,0.0009988728
906.2,70.848816,5,7115,2101.0202248096466,1327034,0.0,1.2194301,-0.5785394906997681,4.252791e-05,0.0008521305,0.0008521305
927.2,66.03522,4,7119,2109.3939080238342,1331034,0.0,1.1767762,0.8333690911531448,3.9431645e-05,0.00075752597,0.00075752597
941.525,70.87107,4,7123,2118.294053554535,1335034,0.0,1.2509773,0.944670494645834,4.193499e-05,0.0012195385,0.0012195385
941.525,69.860916,4,7127,2127.882013320923,1339034,0.0,1.2500861,0.9293343648314476,4.3164648e-05,0.0012162065,0.0012162065
941.525,72.16539,4,7131,2137.4790070056915,1343034,0.0,1.2508385,0.9314618930220604,4.1978034e-05,0.0012586444,0.0012586444
923.6,70.2206,5,7136,2145.9483172893524,1347317,0.0,1.2259909,0.6802464127540588,4.161214e-05,0.0011605476,0.0011605476
918.925,71.47159,5,7141,2154.6961550712585,1351500,0.0,1.2018373,0.5849756598472595,4.3854223e-05,0.0014035369,0.0014035369
941.15,74.77743,5,7146,2164.5245015621185,1355680,0.0,1.2537167,0.7440905570983887,4.0047067e-05,0.0015592432,0.0015592432
941.15,74.95653,4,7150,2172.701272249222,1359680,0.0,1.2516484,0.8813086524605751,3.8969047e-05,0.0016273027,0.0016273027
941.15,77.38463,4,7154,2180.4582912921906,1363680,0.0,1.2051947,0.9064820185303688,3.570095e-05,0.0009626987,0.0009626987
941.15,80.396805,4,7158,2189.88058757782,1367680,0.0,1.2438295,0.9221265465021133,4.1998617e-05,0.0013901145,0.0013901145
941.15,82.56369,4,7162,2200.21803689003,1371680,0.0,1.2558546,0.9103767722845078,4.0773084e-05,0.0009986429,0.0009986429
924.375,82.0261,5,7167,2209.0350258350372,1376009,0.0,1.2059138,0.6800031661987305,4.242525e-05,0.0013055874,0.0013055874
924.375,84.31877,4,7171,2218.383412361145,1380009,0.0,1.2511573,0.8939823806285858,4.2351305e-05,0.0010222115,0.0010222115
942.3,90.873886,4,7175,2227.184950351715,1384009,0.0,1.2186362,0.8986482545733452,4.2332253e-05,0.00092843187,0.00092843187
942.3,91.1132,4,7179,2236.3002021312714,1388009,0.0,1.1987002,0.7285952568054199,4.2231113e-05,0.0009116446,0.0009116446
962.725,93.7318,4,7183,2245.034440755844,1392009,0.0,1.2169102,0.9155892580747604,3.935165e-05,0.0012782081,0.0012782081
983.225,97.269165,4,7187,2253.840122938156,1396009,0.0,1.2338352,0.9257758036255836,4.129342e-05,0.0014129796,0.0014129796
975.625,89.8928,5,7192,2262.2649643421173,1400705,0.0,1.2405558,0.6657431423664093,4.5696834e-05,0.0013707881,0.0013707881
975.625,90.03621,4,7196,2271.468778848648,1404705,0.0,1.259373,0.8817811831831932,4.1460065e-05,0.0010214827,0.0010214827
975.625,93.45219,4,7200,2279.944746732712,1408705,0.0,1.2444136,0.9404996186494827,4.0699786e-05,0.00097142084,0.00097142084
960.125,89.8513,5,7205,2288.886581659317,1413085,0.0,1.2108008,0.8263601511716843,3.9419523e-05,0.000759832,0.000759832
976.9,93.555214,4,7209,2298.023280620575,1417085,0.0,1.2238467,0.8878417238593102,4.183437e-05,0.0013321255,0.0013321255
955.125,86.73104,5,7214,2306.476589202881,1421214,0.0,1.234228,-0.20734179019927979,4.504439e-05,0.000979231,0.000979231
908.6,83.32314,6,7220,2314.0678770542145,1425353,0.0,1.1996269,0.6087391674518585,4.3282063e-05,0.001446242,0.001446242
908.6,82.91273,4,7224,2321.7650530338287,1429353,0.0,1.2426987,0.8356970995664597,3.9709077e-05,0.0009444774,0.0009444774
888.175,75.72044,5,7229,2331.684731721878,1433536,0.0,1.2318077,0.6243333518505096,4.157397e-05,0.0016454954,0.0016454954
857.075,78.858116,5,7234,2340.1019983291626,1436988,0.0,1.2137122,0.8100238740444183,3.88671e-05,0.0012618806,0.0012618806
857.075,78.704544,4,7238,2349.0126922130585,1440988,0.0,1.2526138,0.26789337396621704,4.472135e-05,0.0011548003,0.0011548003
857.075,78.31443,4,7242,2357.632869243622,1444988,0.0,1.2179556,0.8196663409471512,4.5182536e-05,0.001021203,0.001021203
872.575,83.5912,4,7246,2365.8234832286835,1448988,0.0,1.2668076,0.9559433907270432,3.8852973e-05,0.0008689908,0.0008689908
851.225,86.42589,5,7251,2373.6021869182587,1453134,0.0,1.2359891,0.8825991749763489,4.136077e-05,0.0014662012,0.0014662012
877.825,93.99996,5,7256,2381.9731316566467,1458134,0.0,1.196769,0.8322415202856064,4.304504e-05,0.00077178696,0.00077178696
919.525,97.4966,4,7260,2390.736882209778,1462134,0.0,1.2445542,0.9612485207617283,4.3711752e-05,0.0016743598,0.0016743598
898.725,96.569824,5,7265,2399.3874678611755,1466302,0.0,1.213695,0.7442426383495331,3.6924106e-05,0.0008470203,0.0008470203
919.15,99.52716,4,7269,2407.920112133026,1470302,0.0,1.1983271,0.8962488174438477,4.0105697e-05,0.0009302851,0.0009302851
957.85,107.5291,4,7273,2416.8168392181396,1474302,0.0,1.2535124,0.9180241152644157,3.9950784e-05,0.0013199607,0.0013199607
957.85,103.31655,4,7277,2425.9522857666016,1478302,0.0,1.2353914,0.8868347257375717,4.2713204e-05,0.0010933857,0.0010933857
937.0,103.93496,5,7282,2434.0454545021057,1482468,0.0,1.2369123,0.8574914336204529,3.8044058e-05,0.0020926085,0.0020926085
937.0,101.50644,4,7286,2442.2561736106873,1486468,0.0,1.2216103,0.6639663875102997,4.429945e-05,0.0010826609,0.0010826609
937.0,100.94917,4,7290,2451.332930326462,1490468,0.0,1.251647,0.9182761907577515,3.4157616e-05,0.0012515418,0.0012515418
958.35,102.022964,4,7294,2460.000218629837,1494468,0.0,1.2398074,0.8955055475234985,4.1542644e-05,0.0010427749,0.0010427749
924.1,91.39413,6,7300,2468.3702437877655,1499098,0.0,1.1944668,0.5070436000823975,3.9406506e-05,0.00095142494,0.00095142494
944.9,91.24974,4,7304,2477.436316728592,1503098,0.0,1.2220056,0.932310551404953,4.119902e-05,0.0011742754,0.0011742754
944.9,89.291084,4,7308,2486.5091149806976,1507098,0.0,1.2506046,0.960337370634079,4.0398794e-05,0.0010407274,0.0010407274
944.9,89.03821,4,7312,2495.3051331043243,1511098,0.0,1.2404094,0.6327314376831055,4.099212e-05,0.0012000176,0.0012000176
944.9,88.57963,4,7316,2504.3202590942383,1515098,0.0,1.232188,0.9617105387151241,4.178593e-05,0.0010643089,0.0010643089
944.9,86.65156,4,7320,2513.1294202804565,1519098,0.0,1.2312663,0.8548533469438553,4.6829082e-05,0.001072788,0.001072788
965.75,86.3921,4,7324,2522.1357457637787,1523098,0.0,1.2324958,0.910089947283268,4.2983367e-05,0.0009058417,0.0009058417
965.75,88.22545,4,7328,2530.5858137607574,1527098,0.0,1.2350659,0.9624739997088909,3.875376e-05,0.00094973505,0.00094973505
965.75,89.153275,4,7332,2540.004533290863,1531098,0.0,1.2433087,0.9670443125069141,4.083894e-05,0.0011932518,0.0011932518
947.275,92.96843,6,7338,2547.743938446045,1535795,0.0,1.2027085,0.6943221688270569,4.2981614e-05,0.0013256932,0.0013256932
967.425,95.23738,4,7342,2556.208990097046,1539795,0.0,1.1869466,0.6976988613605499,4.16208e-05,0.001168211,0.001168211
967.425,96.89394,4,7346,2565.2072327136993,1543795,0.0,1.1690767,0.905429519712925,3.9200695e-05,0.0011214719,0.0011214719
967.425,96.120804,4,7350,2573.7520332336426,1547795,0.0,1.2486756,0.7825454771518707,3.7047175e-05,0.0009120185,0.0009120185
967.425,95.85234,4,7354,2582.8345210552216,1551795,0.0,1.2171723,0.9544265456497669,4.527869e-05,0.00079102966,0.00079102966
967.425,94.92052,4,7358,2591.192358493805,1555795,0.0,1.2272134,0.9448833800852299,4.3962187e-05,0.0015381358,0.0015381358
967.425,99.60159,4,7362,2599.3555772304535,1559795,0.0,1.1837482,0.8575704544782639,4.1875057e-05,0.0011243677,0.0011243677
945.0,92.44734,5,7367,2607.3209500312805,1563898,0.0,1.179252,0.7257911264896393,3.7162517e-05,0.0016552265,0.0016552265
945.0,88.929634,4,7371,2615.521020412445,1567898,0.0,1.2058449,0.7792888432741165,4.398518e-05,0.0006460207,0.0006460207
965.975,88.4415,4,7375,2624.2647471427917,1571898,0.0,1.2165995,0.8991515934467316,4.3972403e-05,0.0013664183,0.0013664183
977.575,94.6013,5,7380,2633.0758254528046,1576898,0.0,1.238935,0.9549914374947548,3.955458e-05,0.00096342375,0.00096342375
977.575,91.88758,4,7384,2642.4680790901184,1580898,0.0,1.2118788,0.8817005902528763,4.4733148e-05,0.0012165784,0.0012165784
977.575,95.29908,4,7388,2651.9292018413544,1584898,0.0,1.2284615,0.9695831090211868,4.010827e-05,0.001124808,0.001124808
956.65,95.91764,5,7393,2660.6104612350464,1589061,0.0,1.1303978,0.5936963558197021,4.240594e-05,0.00101343,0.00101343
916.775,91.61827,5,7398,2669.3472933769226,1592466,0.0,1.2283385,0.649051159620285,4.121448e-05,0.0010204883,0.0010204883
916.775,90.90945,4,7402,2677.9325590133667,1596466,0.0,1.2342349,0.8275316804647446,3.9083498e-05,0.0015855404,0.0015855404
939.2,95.53554,5,7407,2686.424782037735,1601466,0.0,1.2190654,0.8990983664989471,3.865023e-05,0.0010898062,0.0010898062
917.225,95.96717,5,7412,2695.1475913524628,1605587,0.0,1.166865,0.6675204932689667,3.4129967e-05,0.0015387281,0.0015387281
917.225,93.84385,4,7416,2703.648774623871,1609587,0.0,1.2180537,0.8964235559105873,4.0530515e-05,0.001193604,0.001193604
896.5,93.38896,5,7421,2711.948224544525,1613758,0.0,1.2053716,0.7070522308349609,3.4869438e-05,0.0007396529,0.0007396529
896.5,95.532715,4,7425,2719.633087873459,1617758,0.0,1.2164838,0.8787944689393044,4.4561002e-05,0.001301109,0.001301109
896.5,93.13256,4,7429,2728.613813638687,1621758,0.0,1.1750498,0.8883822113275528,3.9480212e-05,0.0010785204,0.0010785204
917.425,99.46837,4,7433,2737.635320663452,1625758,0.0,1.2329559,0.9379500709474087,4.158317e-05,0.0011376968,0.0011376968
957.3,104.754196,4,7437,2746.726756811142,1629758,0.0,1.2247567,0.8378683775663376,4.1826745e-05,0.0010538369,0.0010538369
936.6,105.45359,5,7442,2754.8923473358154,1633930,0.0,1.2042454,0.7228045761585236,4.021859e-05,0.0012434359,0.0012434359
936.6,108.8397,4,7446,2762.8934597969055,1637930,0.0,1.2386527,0.9137988165020943,4.0716626e-05,0.0013562122,0.0013562122
936.6,110.09686,4,7450,2772.2325382232666,1641930,0.0,1.2389405,0.9608409479260445,4.133626e-05,0.0015267837,0.0015267837
958.575,111.85813,4,7454,2780.674483060837,1645930,0.0,1.1746523,0.869119793176651,3.8291037e-05,0.00088480354,0.00088480354
979.3,111.067406,4,7458,2789.2926802635193,1649930,0.0,1.1832078,0.6399537026882172,4.17949e-05,0.0011560943,0.0011560943
979.3,108.93727,4,7462,2798.291893005371,1653930,0.0,1.1610596,0.8607468903064728,4.014402e-05,0.0008799805,0.0008799805
959.225,106.259155,5,7467,2807.111278772354,1658127,0.0,1.1120286,0.7374716401100159,4.1585077e-05,0.0013664815,0.0013664815
938.525,103.49851,5,7472,2815.1366803646088,1662299,0.0,1.2021928,0.8119848519563675,3.7846927e-05,0.0008959127,0.0008959127
918.125,102.992676,5,7477,2823.340436935425,1666483,0.0,1.2082064,0.8979936465620995,3.6816804e-05,0.0011488094,0.0011488094
938.825,104.541626,4,7481,2831.7433845996857,1670483,0.0,1.1586857,0.7549888342618942,3.6846406e-05,0.0011081353,0.0011081353
918.075,100.84391,5,7486,2840.91623544693,1674653,0.0,1.186919,0.763635441660881,3.6744004e-05,0.0007912663,0.0007912663
918.075,100.27075,4,7490,2849.1564950942993,1678653,0.0,1.2211454,0.933514878153801,3.791455e-05,0.0008693014,0.0008693014
918.075,104.08423,4,7494,2858.0330877304077,1682653,0.0,1.2146163,0.9493535049259663,3.9099898e-05,0.0013700523,0.0013700523
918.075,105.5844,4,7498,2866.606703519821,1686653,0.0,1.1775968,0.8757657781243324,4.6008383e-05,0.00093796296,0.00093796296
898.425,102.69881,5,7503,2874.6574697494507,1690867,0.0,1.2191297,0.7016086578369141,3.164849e-05,0.0009354609,0.0009354609
918.5,107.74125,4,7507,2883.6038014888763,1694867,0.0,1.2005781,0.921100527048111,3.882539e-05,0.00074448646,0.00074448646
939.2,108.71875,4,7511,2892.67866897583,1698867,0.0,1.2191253,0.9663533642888069,4.075353e-05,0.0012013711,0.0012013711
938.425,108.965225,5,7516,2901.346127271652,1703020,0.0,1.212717,0.7855318933725357,4.26368e-05,0.0015710146,0.0015710146
938.425,109.06697,5,7521,2910.8281784057617,1708020,0.0,1.2214625,0.9563041180372238,4.182775e-05,0.0011655134,0.0011655134
918.2,106.27191,4,7525,2918.9805929660797,1711211,0.0,1.1554027,0.7577769905328751,4.1044244e-05,0.0011278876,0.0011278876
938.95,109.21324,5,7530,2927.653414964676,1716211,0.0,1.222307,0.949705395847559,3.8129467e-05,0.0008553992,0.0008553992
938.95,109.3878,4,7534,2935.875628709793,1720211,0.0,1.170322,0.9374283403158188,3.9537317e-05,0.001091713,0.001091713
938.95,111.35356,4,7538,2944.4316380023956,1724211,0.0,1.1634015,0.9611850678920746,4.3351873e-05,0.0013349822,0.0013349822
958.6,115.38389,4,7542,2952.200371026993,1728211,0.0,1.1867585,0.9471576139330864,4.1389976e-05,0.00083134766,0.00083134766
938.775,112.3948,5,7547,2959.909197330475,1732418,0.0,1.194202,0.8185364007949829,3.6131547e-05,0.0013099688,0.0013099688
918.275,110.3678,5,7552,2968.5270471572876,1736598,0.0,1.2193096,0.7721657305955887,4.048017e-05,0.00088983536,0.00088983536
939.45,112.28938,4,7556,2975.9945595264435,1740598,0.0,1.1993535,0.7413085401058197,4.274962e-05,0.0008474795,0.0008474795
939.45,112.634476,4,7560,2984.6658482551575,1744598,0.0,1.2106695,0.9662083052098751,4.2632906e-05,0.0013478766,0.0013478766
939.45,113.837524,4,7564,2992.734654188156,1748598,0.0,1.232451,0.974814161658287,3.990117e-05,0.0013443236,0.0013443236
959.675,115.26985,4,7568,3000.9246842861176,1752598,0.0,1.1763196,0.8436035811901093,4.2661482e-05,0.0011580697,0.0011580697
938.775,112.626564,5,7573,3010.3687324523926,1756762,0.0,1.1661204,0.7720310091972351,4.295082e-05,0.0022692056,0.0022692056
938.775,112.09532,4,7577,3018.7674930095673,1760762,0.0,1.1832799,0.9386483952403069,3.8438266e-05,0.0008489023,0.0008489023
938.775,109.568405,4,7581,3026.8962364196777,1764762,0.0,1.0893024,0.817150816321373,4.429144e-05,0.0010988386,0.0010988386
940.625,116.01082,5,7586,3035.0751547813416,1769043,0.0,1.1131904,0.774680107831955,4.6935238e-05,0.0009339628,0.0009339628
940.625,115.37152,4,7590,3043.23415851593,1773043,0.0,1.1751984,0.9390307888388634,3.874336e-05,0.0012457531,0.0012457531
961.125,117.43577,4,7594,3051.554792404175,1777043,0.0,1.2111225,0.9750371146947145,4.4488042e-05,0.0008109845,0.0008109845
961.125,119.12229,4,7598,3058.984007358551,1781043,0.0,1.2230483,0.9842421822249889,4.4174034e-05,0.0009992601,0.0009992601
961.125,119.15735,4,7602,3066.590843439102,1785043,0.0,1.1932855,0.9384519159793854,3.6911326e-05,0.0009663892,0.0009663892
961.125,121.53483,4,7606,3075.1491265296936,1789043,0.0,1.1538482,0.9031301513314247,4.324063e-05,0.0006489848,0.0006489848
961.125,120.37239,5,7611,3083.186239004135,1794043,0.0,1.1518086,0.9700314179062843,3.9688573e-05,0.0010763276,0.0010763276
960.675,120.78496,4,7615,3090.8359694480896,1797189,0.0,1.1770389,0.7206041216850281,3.442717e-05,0.0017879325,0.0017879325
960.675,124.21924,5,7620,3098.912201166153,1802189,0.0,1.1979619,0.938542153686285,3.572441e-05,0.0011736264,0.0011736264
978.65,120.383156,4,7624,3107.3691172599792,1806189,0.0,1.1955888,0.9280374422669411,4.244568e-05,0.0009172611,0.0009172611
978.65,122.62346,4,7628,3115.757596731186,1810189,0.0,1.2006176,0.9291273877024651,3.7829952e-05,0.0012754446,0.0012754446
957.625,120.49617,5,7633,3124.090477705002,1814348,0.0,1.1751609,0.7453020215034485,4.1282532e-05,0.0013891677,0.0013891677
935.4,116.9855,5,7638,3132.1757578849792,1818459,0.0,1.1931252,0.7038916647434235,3.482223e-05,0.0016025743,0.0016025743
935.4,116.61953,4,7642,3140.710595369339,1822459,0.0,1.1290288,0.7797299772500992,4.1052575e-05,0.00083463755,0.00083463755
935.4,118.19578,4,7646,3148.8425722122192,1826459,0.0,1.208272,0.9723278097808361,4.051974e-05,0.0010910011,0.0010910011
935.4,119.16367,4,7650,3157.1373043060303,1830459,0.0,1.189818,0.9788055028766394,4.2849857e-05,0.0012207206,0.0012207206
956.75,124.38169,4,7654,3165.113618850708,1834459,0.0,1.2011211,0.9552169926464558,3.509268e-05,0.0012017435,0.0012017435
956.75,122.731895,4,7658,3173.7011563777924,1838459,0.0,1.2001259,0.9767605289816856,4.5039113e-05,0.0012715214,0.0012715214
956.75,124.26321,4,7662,3182.397749900818,1842459,0.0,1.1996765,0.9769798461347818,4.2510703e-05,0.0008725778,0.0008725778
956.75,125.9092,4,7666,3190.6682965755463,1846459,0.0,1.1194842,0.8873425647616386,3.3276745e-05,0.0013039176,0.0013039176
956.75,126.82213,4,7670,3199.015785217285,1850459,0.0,1.1410565,0.7749430239200592,4.496821e-05,0.0012923637,0.0012923637
977.775,127.110146,5,7675,3206.732886314392,1855459,0.0,1.1942966,0.976572297513485,4.098804e-05,0.0011998056,0.0011998056
1000.0,128.67075,4,7679,3214.92781662941,1859459,0.0,1.1679444,0.9796077571809292,4.481159e-05,0.0009072559,0.0009072559
1000.0,130.1221,4,7683,3222.801134824753,1863459,0.0,1.1804916,0.9741538539528847,4.3798827e-05,0.0013378256,0.0013378256
979.15,129.6384,5,7688,3230.005151987076,1867625,0.0,1.1634352,0.6934604346752167,3.9162962e-05,0.00158967,0.00158967
979.15,128.43132,4,7692,3238.642763853073,1871625,0.0,1.0965537,0.8552780747413635,4.3582586e-05,0.0014551042,0.0014551042
979.15,129.86292,4,7696,3247.355569601059,1875625,0.0,1.1973126,0.935472346842289,4.3011438e-05,0.0012170067,0.0012170067
958.1,125.50431,5,7701,3254.9712302684784,1879783,0.0,1.1347835,0.6124343276023865,4.1607233e-05,0.001147677,0.001147677
936.95,122.35,5,7706,3263.064709663391,1883937,0.0,1.1628499,0.6995039582252502,4.0901858e-05,0.0013099844,0.0013099844
936.95,120.04939,4,7710,3271.598328113556,1887937,0.0,1.0651684,0.7017060220241547,3.974077e-05,0.0010184529,0.0010184529
936.95,123.35901,4,7714,3280.1418895721436,1891937,0.0,1.1846305,0.9498925134539604,3.881401e-05,0.0009714863,0.0009714863
915.5,124.1239,5,7719,3288.2573206424713,1896079,0.0,1.1677074,0.7798791229724884,3.7089118e-05,0.0013294416,0.0013294416
915.5,124.47976,4,7723,3296.9046680927277,1900079,0.0,1.1743684,0.9659996442496777,4.131769e-05,0.0011128439,0.0011128439
936.35,125.59273,4,7727,3304.5994300842285,1904079,0.0,1.1855986,0.9749004580080509,3.8726415e-05,0.001486564,0.001486564
936.35,124.43911,4,7731,3313.155916452408,1908079,0.0,1.1695974,0.9780441913753748,3.9806353e-05,0.0010181036,0.0010181036
936.35,127.66726,4,7735,3321.0680170059204,1912079,0.0,1.1668531,0.9559794515371323,4.4354903e-05,0.0010849609,0.0010849609
915.35,127.52962,5,7740,3329.2020263671875,1916239,0.0,1.1639068,0.7563965767621994,3.8689912e-05,0.00090458605,0.00090458605
957.55,131.19011,4,7744,3337.723697900772,1920239,0.0,1.1816382,0.9539287239313126,4.0113748e-05,0.0009839106,0.0009839106
936.125,131.39902,5,7749,3345.6164741516113,1924382,0.0,1.1676255,0.7993469387292862,4.1024894e-05,0.0023151953,0.0023151953
915.8,128.72229,5,7754,3354.077436208725,1928569,0.0,1.1748662,0.7646279036998749,4.0642135e-05,0.0008102114,0.0008102114
937.25,133.51591,4,7758,3361.8859057426453,1932569,0.0,1.1635187,0.9327148422598839,4.0799605e-05,0.0015746651,0.0015746651
916.325,128.13594,5,7763,3370.195894241333,1936732,0.0,1.0918674,0.6067876517772675,4.0183277e-05,0.0012526829,0.0012526829
916.325,127.521095,4,7767,3378.641898870468,1940732,0.0,1.177833,0.9356318861246109,4.1532665e-05,0.0012216923,0.0012216923
898.975,121.043625,5,7772,3387.125159740448,1945038,0.0,1.1483881,0.5881319940090179,4.181834e-05,0.0017632784,0.0017632784
878.7,119.59392,5,7777,3394.8707406520844,1949227,0.0,1.1299881,0.8497292250394821,3.7094283e-05,0.0009491494,0.0009491494
899.7,123.274704,4,7781,3403.384047269821,1953227,0.0,1.176202,0.9617966525256634,3.7419282e-05,0.0014484221,0.0014484221
899.7,124.62229,4,7785,3412.384585618973,1957227,0.0,1.1807203,0.9819432385265827,4.1888474e-05,0.0011643101,0.0011643101
901.125,125.855515,5,7790,3419.7126269340515,1961427,0.0,1.1649134,0.8980857506394386,4.383101e-05,0.0012769976,0.0012769976
921.45,129.8625,4,7794,3427.262337207794,1965427,0.0,1.1658051,0.9717090036720037,3.7913534e-05,0.0017706247,0.0017706247
921.45,129.9221,4,7798,3434.8329858779907,1969427,0.0,1.152705,0.7406294643878937,4.128428e-05,0.0009534109,0.0009534109
942.375,134.69089,4,7802,3442.735462665558,1973427,0.0,1.1742663,0.9717429056763649,4.3931672e-05,0.0013414216,0.0013414216
901.25,129.33272,6,7808,3450.3136608600616,1977782,0.0,1.1671153,0.6394344866275787,4.0069433e-05,0.0013044205,0.0013044205
918.6,135.92479,4,7812,3457.5798959732056,1981782,0.0,1.1744635,0.8610081225633621,4.024528e-05,0.0009873131,0.0009873131
938.875,134.47293,4,7816,3466.049200773239,1985782,0.0,0.98683304,0.8598154783248901,4.5202196e-05,0.001254857,0.001254857
938.875,132.20334,4,7820,3474.581618785858,1989782,0.0,1.1664467,0.9741073548793793,4.1501033e-05,0.0013092998,0.0013092998
938.875,129.635,4,7824,3483.2702889442444,1993782,0.0,1.1189927,0.9684605933725834,4.4010725e-05,0.00078429794,0.00078429794
938.875,130.09985,5,7829,3490.5410244464874,1998782,0.0,1.1275855,0.9693052768707275,3.9230305e-05,0.0011010246,0.0011010246
958.875,131.44226,4,7833,3498.800116300583,2002782,0.0,1.0996618,0.9631078317761421,3.6318794e-05,0.00094137,0.00094137
