approxkl,clipfrac,eplenmean,eprewmean,explained_variance,fps,nupdates,policy_entropy,policy_loss,serial_timesteps,time_elapsed,total_timesteps,value_loss
2.9971493e-06,0.0,97.38095238095238,-194.15292223809524,-0.0003006458282470703,1020,1,1.386285,-0.00016033323,4096,4.011821746826172,4096,6819.6665
1.4048543e-05,0.0,95.5764705882353,-198.37166303529418,0.00010907649993896484,1047,2,1.3862355,-0.0002901373,8192,7.924677133560181,8192,7770.612
9.899754e-06,0.0,92.37,-195.86553794999998,-0.002743244171142578,1052,3,1.3861557,-0.00019825972,12288,11.81775689125061,12288,7007.005
2.5143116e-05,0.0,90.38,-182.18712938999997,-0.001581430435180664,1056,4,1.3860365,-0.00046940363,16384,15.695508003234863,16384,6249.181
9.5427415e-05,0.0,91.44,-183.15821128999997,-0.002083420753479004,1040,5,1.3855532,-0.00026588255,20480,19.63293218612671,20480,8413.397
3.0288935e-05,0.0,92.13,-189.73787634,-0.003294229507446289,1041,6,1.3852304,-0.0006400529,24576,23.56676983833313,24576,5967.175
7.2121096e-05,0.0,93.92,-181.4958702,-0.0024608373641967773,1045,7,1.3843812,-0.0001222628,28672,27.48344659805298,28672,6256.6133
6.496841e-06,0.0,93.83,-184.13978757999996,-0.004165053367614746,1043,8,1.3841426,-0.00023807483,32768,31.40827703475952,32768,5844.954
0.0001061921,0.0,92.93,-174.39285926999997,-0.005587935447692871,1051,9,1.3840027,-0.0003494061,36864,35.303460359573364,36864,4711.7095
2.0031646e-05,0.0,93.47,-155.4209351,-0.004192829132080078,1044,10,1.3837377,-0.00031235517,40960,39.223901987075806,40960,4578.482
2.4697685e-05,0.0,92.92,-155.22520396,-0.004672884941101074,1054,11,1.3826945,-0.0004787824,45056,43.11041498184204,45056,4184.5737
0.00015788729,0.0,89.22,-141.90924787,-0.00576472282409668,1047,12,1.3824224,-0.00063644705,49152,47.020872354507446,49152,3124.161
0.0001770742,0.0,93.95,-153.5964251,-0.005720853805541992,1040,13,1.378433,-0.0012301859,53248,50.95708131790161,53248,4586.6816
6.55453e-05,0.0,94.31,-157.56546372,-0.005562186241149902,1043,14,1.377868,-0.0007129052,57344,54.8813796043396,57344,3458.7698
0.00013807707,0.0,95.15,-146.66714223999995,-0.013623356819152832,1036,15,1.3761085,-0.00020886108,61440,58.83299684524536,61440,3476.507
6.254177e-06,0.0,94.43,-137.00233529,-0.002833127975463867,1046,16,1.3779942,-0.00012171446,65536,62.747231006622314,65536,2731.6597
5.4299504e-05,0.0,93.64,-129.77740325000002,-0.0031371116638183594,1044,17,1.3768269,-0.00029459453,69632,66.66864371299744,69632,2978.1733
9.503685e-06,0.0,91.1,-127.23259963999999,-0.006837368011474609,1037,18,1.376446,-0.00010004644,73728,70.61663770675659,73728,3076.9875
6.3655956e-05,0.0,93.75,-130.05387834,-0.010381579399108887,1033,19,1.3747505,0.00011507177,77824,74.58046054840088,77824,2841.6372
2.606024e-06,0.0,90.48,-121.48777474,-0.012189269065856934,1042,20,1.3767687,-2.6772177e-05,81920,78.50884222984314,81920,2351.869
2.4075898e-05,0.0,91.05,-122.67684249999998,-0.009509563446044922,1038,21,1.3753166,-0.000120005745,86016,82.45393419265747,86016,2690.486
3.2655598e-06,0.0,92.87,-119.21345788999999,-0.004814505577087402,1045,22,1.3735298,-0.00011676013,90112,86.37196612358093,90112,2159.2708
3.7218662e-05,0.0,95.68,-124.10202877000002,-0.008715033531188965,1036,23,1.3744057,-0.0002507338,94208,90.3227322101593,94208,2868.5906
1.9502734e-06,0.0,93.28,-117.58916382999996,-0.004155874252319336,1045,24,1.3751031,-2.6573587e-05,98304,94.2394323348999,98304,1922.8124
1.7142847e-06,0.0,90.02,-113.44469662,-0.016846179962158203,1037,25,1.372284,-2.8627474e-06,102400,98.18796920776367,102400,2524.9934
5.9901083e-07,0.0,90.36,-120.13608839000003,-0.01075887680053711,1039,26,1.3740932,-4.309754e-05,106496,102.12908887863159,106496,2482.5076
6.479634e-05,0.0,94.78,-123.31709844,-0.008518457412719727,1041,27,1.3722769,-0.0004103279,110592,106.06122469902039,110592,2323.2854
3.585602e-06,0.0,92.31,-115.69791694,-0.005541443824768066,1035,28,1.3734893,-7.572264e-05,114688,110.01807975769043,114688,1584.4253
1.0232978e-05,0.0,93.53,-118.65527001999999,-0.013033747673034668,1042,29,1.3690311,-0.0002148815,118784,113.9460346698761,118784,2839.8428
1.0926381e-06,0.0,93.17,-121.37490162999998,-0.010292410850524902,1043,30,1.3718874,-9.348572e-05,122880,117.87249255180359,122880,2429.83
8.499019e-06,0.0,95.85,-119.99707235999999,-0.00760495662689209,1040,31,1.3762146,-0.00011705127,126976,121.81170439720154,126976,1966.6963
7.31535e-07,0.0,97.22,-126.76703975999999,-0.006387948989868164,1041,32,1.3706326,-4.0002866e-05,131072,125.74585819244385,131072,2468.6663
9.932848e-05,0.0,95.88,-121.30588862,-0.0027904510498046875,1039,33,1.3703043,-0.0006976835,135168,129.6883306503296,135168,1595.4335
6.7694336e-06,0.0,96.19,-120.85167582999999,-0.00890493392944336,1041,34,1.372756,-2.0974927e-05,139264,133.62288427352905,139264,2328.94
5.3037053e-05,0.0,97.23,-121.02096389999997,-0.004231572151184082,1031,35,1.369867,-0.00033213748,143360,137.5956802368164,143360,1777.1396
2.0892182e-06,0.0,95.22,-117.68045729999999,-0.008822441101074219,1040,36,1.3680027,-2.4382316e-05,147456,141.53442645072937,147456,2015.2334
8.9943717e-07,0.0,94.17,-118.00143533,-0.009349346160888672,1039,37,1.3689624,-6.157092e-05,151552,145.47512316703796,151552,2355.299
4.768749e-07,0.0,93.81,-117.66300466999999,-0.006575942039489746,1042,38,1.3693063,-8.5696316e-05,155648,149.40609550476074,155648,1768.9293
1.0241282e-06,0.0,92.3,-113.87899105000001,-0.013073325157165527,1038,39,1.369322,-5.8681726e-05,159744,153.35164546966553,159744,2251.282
1.3102155e-06,0.0,92.99,-116.88857590000002,-0.011388540267944336,1034,40,1.3688431,-6.97808e-05,163840,157.3129003047943,163840,1890.3257
2.2019963e-06,0.0,94.26,-120.81455545,-0.008454680442810059,1035,41,1.3670061,-9.0251444e-05,167936,161.27023363113403,167936,1786.3295
1.9916108e-06,0.0,91.93,-117.95818225,-0.010004043579101562,1038,42,1.3678877,-0.00012056378,172032,165.2136471271515,172032,1672.8391
3.7892219e-06,0.0,91.22,-120.86205423000003,-0.001843094825744629,1038,43,1.370071,-0.00014905067,176128,169.15654039382935,176128,1712.503
2.4717665e-06,0.0,91.94,-118.33237912000003,-0.0026865005493164062,1033,44,1.3672187,-6.144869e-05,180224,173.11914086341858,180224,1353.8987
4.7442157e-07,0.0,94.81,-128.89544497999998,-0.01069629192352295,1030,45,1.3649774,-4.0322077e-05,184320,177.0940580368042,184320,3152.5967
2.2479063e-07,0.0,98.52,-133.36201135999997,-0.005022883415222168,1030,46,1.3646934,-2.5290268e-05,188416,181.07123970985413,188416,2362.957
2.3136879e-07,0.0,98.39,-131.35853179,-0.015347123146057129,1029,47,1.3651907,-3.0330106e-05,192512,185.051127910614,192512,2058.5388
7.735701e-07,0.0,105.1,-118.77036037999999,0.02357041835784912,807,48,1.372819,-7.3531046e-05,196608,190.1251780986786,196608,1350.142
1.2053774e-06,0.0,103.08,-108.18057134,-0.007178544998168945,1037,49,1.372718,-2.738276e-05,200704,194.07322096824646,200704,1224.8538
3.1160212e-07,0.0,103.85,-112.08142501,-0.00350797176361084,1024,50,1.3670571,-3.2301105e-05,204800,198.0708737373352,204800,2104.6758
6.966607e-07,0.0,95.92,-124.04239326999999,-0.006756424903869629,1038,51,1.3664583,-8.309442e-05,208896,202.0165572166443,208896,1889.9442
1.2017919e-06,0.0,96.34,-123.47982934,-0.009265303611755371,1032,52,1.3642073,-6.7807734e-05,212992,205.9859688282013,212992,1832.7812
1.3757517e-06,0.0,97.15,-119.97993139,-0.008255600929260254,1035,53,1.3681321,-7.070624e-05,217088,209.9433171749115,217088,1481.0178
2.5685636e-06,0.0,97.86,-113.73971898000002,-0.005318641662597656,1035,54,1.3703957,-8.97235e-05,221184,213.89867448806763,221184,1355.3578
2.5105564e-06,0.0,93.52,-111.19427341,-0.003232598304748535,1036,55,1.3635173,-7.726485e-05,225280,217.84950757026672,225280,1811.1449
1.2534084e-06,0.0,93.63,-114.76399204999998,-0.006980538368225098,1032,56,1.3684765,-6.3670086e-05,229376,221.81594681739807,229376,2163.6167
2.9277993e-07,0.0,94.04,-121.60594598,-0.003350973129272461,1037,57,1.3655379,-2.2058826e-05,233472,225.76462602615356,233472,1705.0363
6.31446e-07,0.0,95.2,-117.70149662000001,-0.006643056869506836,1029,58,1.3669648,-3.91636e-05,237568,229.74282550811768,237568,1605.7593
1.4935686e-06,0.0,95.99,-112.15760116999999,-0.002766132354736328,1033,59,1.369939,-7.98321e-05,241664,233.7062647342682,241664,1049.0476
1.3325896e-06,0.0,97.61,-110.74286293000002,-0.0005495548248291016,1028,60,1.3691809,-7.111409e-05,245760,237.6899642944336,245760,1463.7144
1.3093116e-06,0.0,98.75,-112.00883702000002,-0.004863381385803223,1033,61,1.3649285,-8.0365426e-05,249856,241.65530395507812,249856,1529.0835
8.9500827e-07,0.0,95.98,-116.57453420000002,-0.0023620128631591797,1038,62,1.3659601,-4.6591667e-05,253952,245.59987616539001,253952,1335.0084
5.5045075e-07,0.0,96.63,-107.90597902000002,-0.0011354684829711914,1029,63,1.3688444,-3.1989737e-05,258048,249.5782699584961,258048,1176.0323
9.621497e-07,0.0,96.86,-108.07968529,-0.0008890628814697266,1032,64,1.3666854,-5.2261486e-05,262144,253.5440821647644,262144,1110.0568
5.5291304e-07,0.0,97.41,-110.87752911,0.0026838183403015137,1017,65,1.365273,-2.3866276e-05,266240,257.5697410106659,266240,1603.2257
2.1328701e-06,0.0,107.88,-108.66356489000002,0.021357715129852295,832,66,1.3696711,-8.521504e-05,270336,262.48778104782104,270336,1183.2816
3.2130963e-06,0.0,105.79,-106.0270062,-0.004079937934875488,1037,67,1.3647548,-5.2398624e-05,274432,266.43673396110535,274432,1107.8234
8.458568e-07,0.0,95.54,-111.38031535,-0.0008255243301391602,1033,68,1.3651382,-8.200237e-05,278528,270.3993878364563,278528,1137.2477
1.7613306e-06,0.0,95.98,-115.44134735,-0.0006614923477172852,1030,69,1.3626388,-6.459252e-05,282624,274.3741252422333,282624,1093.3021
1.329784e-06,0.0,97.17,-107.10787393999999,0.0006810426712036133,1021,70,1.3680106,-3.7739286e-05,286720,278.38561177253723,286720,1012.74866
5.5537373e-07,0.0,98.38,-108.80355515,-0.008983016014099121,1030,71,1.3644795,-1.4387879e-05,290816,282.3591773509979,290816,1454.3309
6.104514e-06,0.0,96.69,-112.36150245999997,-0.003849029541015625,1027,72,1.3627772,-0.00012027056,294912,286.3462014198303,294912,1165.7439
6.9028954e-07,0.0,97.92,-110.79147678,-0.0033457279205322266,1027,73,1.3637625,-3.226151e-05,299008,290.3348135948181,299008,1464.5732
2.4796436e-06,0.0,97.02,-106.90995523,-0.002034902572631836,1029,74,1.3644242,-7.4228185e-05,303104,294.3130433559418,303104,1263.8519
1.0998034e-05,0.0,96.12,-105.76031644999999,0.0012113451957702637,1030,75,1.3666096,-0.00032961444,307200,298.2891685962677,307200,1081.0878
1.2476576e-05,0.0,95.44,-105.39410052999997,-0.012170195579528809,1034,76,1.3651416,-8.956122e-05,311296,302.25038957595825,311296,1094.2495
1.2767265e-06,0.0,95.3,-113.78305121000001,-0.005346059799194336,1033,77,1.3633928,-5.1181065e-05,315392,306.21526408195496,315392,1180.402
4.501686e-06,0.0,97.72,-106.97802220000003,-0.0030280351638793945,1035,78,1.3656428,-0.00013360873,319488,310.17259335517883,319488,1018.268
1.2392581e-05,0.0,100.12,-108.68791218000003,-0.007200002670288086,1029,79,1.362036,-0.00024201765,323584,314.15343737602234,323584,1347.7876
4.9078258e-06,0.0,97.51,-112.05253627999998,0.02585744857788086,877,80,1.3631406,-8.104797e-05,327680,318.8201992511749,327680,1267.6759
2.2619693e-06,0.0,108.32,-110.53048313999997,0.0007196664810180664,974,81,1.3637714,-0.00012785438,331776,323.02226209640503,331776,1366.0944
4.7963163e-06,0.0,112.52,-113.05715827000002,-0.0012129545211791992,1020,82,1.3634368,-0.00015334453,335872,327.0348653793335,335872,1173.4352
5.199142e-06,0.0,103.5,-110.41379793999998,-2.7179718017578125e-05,1027,83,1.3646929,-9.887024e-05,339968,331.02246379852295,339968,871.4021
2.1256628e-06,0.0,102.35,-117.79490856999999,-0.004406332969665527,1027,84,1.360064,-0.000120292534,344064,335.0107274055481,344064,1863.068
1.3746585e-05,0.0,107.26,-109.97914886999999,0.026951253414154053,881,85,1.368249,-0.00027243193,348160,339.6574409008026,348160,662.71344
1.5557567e-05,0.0,111.09,-112.58636043000003,-0.0008109807968139648,1017,86,1.3604696,-0.00019259714,352256,343.6854271888733,352256,716.1336
6.2987474e-06,0.0,101.32,-105.43091691,0.0010898709297180176,1027,87,1.3580161,-0.00011166039,356352,347.6716892719269,356352,735.1675
3.7802397e-06,0.0,102.43,-109.81445461999999,-0.005302786827087402,1023,88,1.3574574,-0.00015974944,360448,351.67524766921997,360448,1346.5083
2.1161313e-06,0.0,102.12,-115.24486431999999,-0.004668116569519043,1024,89,1.3576128,-5.9373735e-05,364544,355.6720473766327,364544,1077.7583
2.7857257e-06,0.0,102.28,-114.53800603000002,-0.0065964460372924805,1021,90,1.3563915,-6.961341e-05,368640,359.6840090751648,368640,853.24725
8.757933e-06,0.0,104.41,-106.27933780999997,-0.008366942405700684,1023,91,1.3583702,-0.0002084615,372736,363.6877143383026,372736,800.8626
1.3596675e-05,0.0,105.6,-102.11053257999998,-0.0024793148040771484,1017,92,1.3511032,-0.00016934899,376832,367.714236497879,376832,911.18475
5.5794217e-06,0.0,100.06,-103.54050140999999,-0.0006083250045776367,1032,93,1.3513268,-0.00013438324,380928,371.68206429481506,380928,667.6373
2.9081075e-06,0.0,99.78,-96.05256392999999,-0.006771683692932129,1026,94,1.3537858,-0.00010170587,385024,375.6740531921387,385024,670.81116
2.6474117e-05,0.0,100.52,-93.87470472,0.0011443495750427246,1019,95,1.3528441,-0.00037654192,389120,379.6915774345398,389120,537.83215
5.291434e-05,0.0,100.77,-93.57990394999999,-0.0007185935974121094,1024,96,1.3456004,-0.0002882594,393216,383.68874883651733,393216,589.64716
3.2314692e-05,0.0,100.79,-97.26519678000001,-0.004207968711853027,1020,97,1.3460763,-0.0003146839,397312,387.70434522628784,397312,936.65845
2.7902031e-05,0.0,103.04,-100.65934200000001,-0.003131866455078125,1018,98,1.3445587,-0.0004991729,401408,391.72569274902344,401408,591.90125
5.5769575e-05,0.0,105.94,-100.38217836,-0.0030754804611206055,1018,99,1.3413551,-0.00027453998,405504,395.74775671958923,405504,804.55255
4.8913305e-05,0.0,105.78,-94.22238605999999,-0.002096891403198242,1015,100,1.3390666,-0.00043968987,409600,399.7802414894104,409600,408.26886
5.9058493e-05,0.0,104.74,-91.47214555000001,-0.009065508842468262,1021,101,1.3317624,-0.00047423958,413696,403.79012513160706,413696,687.3452
8.67777e-05,0.0,103.27,-89.78411606999998,-0.000748753547668457,1012,102,1.3311964,-0.00055469706,417792,407.8361716270447,417792,522.01306
0.0001145531,0.0,109.06,-89.77836857,-0.0006680488586425781,1005,103,1.3280689,-0.0007609375,421888,411.9120624065399,421888,474.42792
0.00014495917,0.0,111.64,-84.43859223999999,-0.006893754005432129,1005,104,1.3186133,-0.0011227302,425984,415.98668122291565,425984,727.4545
0.0002802945,0.0,114.54,-83.18761954000001,-0.0007500648498535156,1004,105,1.3115995,-0.0011814849,430080,420.0646574497223,430080,456.54956
0.00032194512,0.0,121.7,-75.94858185,0.020900309085845947,742,106,1.3187785,-0.0010243867,434176,425.58494305610657,434176,546.5829
0.00026150647,0.0,132.4,-69.81950124,0.022490084171295166,777,107,1.3017309,-0.00066005805,438272,430.85342812538147,438272,605.5882
0.0007435264,0.0,139.43,-65.78978535000002,-0.009179472923278809,978,108,1.2701143,-0.002046982,442368,435.04137134552,442368,550.2366
0.000931885,0.0,153.37,-58.60877827999999,0.01600855588912964,800,109,1.2767283,-0.0016390939,446464,440.1601860523224,446464,711.6829
0.00059793604,0.0,160.14,-57.773997390000005,0.00929272174835205,716,110,1.2579521,-0.0016769764,450560,445.87800455093384,450560,812.1827
0.00025110788,0.0,159.07,-60.844781940000004,-0.017832279205322266,952,111,1.2139951,-0.0003146023,454656,450.17776012420654,454656,772.1068
0.00020779531,0.0,163.76,-62.41324847,-0.004828691482543945,932,112,1.2087315,-0.001009525,458752,454.57120060920715,458752,678.3855
0.00012777487,0.0,162.36,-61.698513330000004,-0.0034791231155395508,933,113,1.2056122,-0.00014558174,462848,458.9580748081207,462848,640.57446
0.00013263115,0.0,156.86,-61.656520009999994,0.015491962432861328,796,114,1.2233951,-0.0007868629,466944,464.1024053096771,466944,494.97064
0.0001236873,0.0,174.04,-50.59910711,0.001115262508392334,747,115,1.2371147,-0.00022796358,471040,469.58209347724915,471040,731.7264
1.0279433e-05,0.0,191.61,-45.670663669999996,0.007108867168426514,607,116,1.2549584,-9.686155e-05,475136,476.3280291557312,475136,986.29175
2.7248194e-05,0.0,203.12,-39.063732339999994,0.009315252304077148,743,117,1.2269673,-0.00032004033,479232,481.83494424819946,479232,687.8608
0.00016325199,0.0,203.69,-39.63027896,-0.013320565223693848,931,118,1.1835235,-0.0005781257,483328,486.23455238342285,483328,490.0599
4.8766826e-05,0.0,225.25,-38.41917707,-0.024354219436645508,566,119,1.2606096,-0.00013928575,487424,493.46402382850647,487424,927.1666
2.2400316e-05,0.0,227.6,-44.778567540000004,0.0059242844581604,673,120,1.2066143,-5.4669916e-05,491520,499.5488748550415,491520,945.1697
2.419602e-05,0.0,213.05,-49.35712942999999,0.005842328071594238,717,121,1.1969535,-0.00041031072,495616,505.2593197822571,495616,636.70557
7.036015e-05,0.0,209.59,-51.415470230000004,-0.02966630458831787,907,122,1.1648607,-0.00023402288,499712,509.773619890213,499712,1014.2751
3.2146574e-05,0.0,214.72,-48.76859721999999,-0.04528200626373291,879,123,1.1722587,-0.00023256343,503808,514.4338693618774,503808,679.0158
2.4974397e-05,0.0,219.34,-42.624226789999994,0.002553880214691162,540,124,1.2345423,-0.00017734253,507904,522.0125684738159,507904,740.6931
1.1455476e-05,0.0,227.53,-39.572935290000004,-0.014863014221191406,582,125,1.2435758,-7.2945724e-05,512000,529.0434150695801,512000,754.89233
2.071858e-05,0.0,232.9,-38.80755506,-0.002506732940673828,503,126,1.243603,-0.0003393424,516096,537.1788532733917,516096,752.72473
0.0004031653,0.0,251.94,-43.22989517999999,-0.0022507905960083008,715,127,1.2145406,-0.0010940875,520192,542.9051098823547,520192,897.4911
0.0014915955,0.0,256.66,-39.58876697,0.0024822354316711426,783,128,1.2061591,-0.0010624672,524288,548.1350400447845,524288,767.7983
0.00013541966,0.0,246.73,-30.74898312,-0.011722803115844727,946,129,1.1801593,0.00029842416,528384,552.4650731086731,528384,747.7516
1.1704331e-05,0.0,208.57,-29.890892899999997,-0.02451455593109131,923,130,1.1987665,-0.0001913542,532480,556.8991775512695,532480,784.1091
3.0120613e-05,0.0,184.54,-14.662547199999999,-0.006674051284790039,770,131,1.221618,-0.00021988219,536576,562.217787027359,536576,796.30035
0.000111239315,0.0,161.6,-10.405725030000001,-0.0037343502044677734,846,132,1.1974832,-0.00021525644,540672,567.0569560527802,540672,713.596
9.188398e-05,0.0,171.22,-9.939160280000001,-0.003674745559692383,789,133,1.2120123,7.318726e-05,544768,572.2477376461029,544768,655.6789
0.0007606297,0.0,177.57,-11.8050181,-0.021783113479614258,722,134,1.2059938,-0.0012614676,548864,577.921454668045,548864,746.8605
0.00030410464,0.0,176.16,-14.9826864,-6.4849853515625e-05,864,135,1.159847,-0.00019573665,552960,582.6592564582825,552960,801.9875
0.00014114105,0.0,191.11,-16.039019340000003,0.004909694194793701,798,136,1.1787633,-0.0006546944,557056,587.7905645370483,557056,646.2247
0.00031383336,0.0,198.47,-17.958713730000003,0.005678057670593262,663,137,1.1855081,-0.00018624368,561152,593.9669313430786,561152,739.15393
6.693531e-05,0.0,211.31,-22.036346560000002,0.011208713054656982,647,138,1.1940912,-0.00043576726,565248,600.2911055088043,565248,762.43164
0.00011590071,0.0,232.5,-17.67954278,-0.011427044868469238,574,139,1.2112095,-0.00017885392,569344,607.4233291149139,569344,699.8576
0.0002648394,0.0,243.61,-16.63268556,0.012138068675994873,549,140,1.2197053,-0.00032130565,573440,614.8770096302032,573440,595.4438
0.00027499936,0.0,265.59,-13.790733250000002,0.020955145359039307,568,141,1.2172546,-0.00054477545,577536,622.0888261795044,577536,638.8885
0.00013814315,0.0,293.3,-14.83698206,0.010291755199432373,462,142,1.2450864,-0.00018815981,581632,630.9451005458832,581632,463.32773
0.00030821274,0.0,300.82,-17.29440769,-0.0373835563659668,629,143,1.1870646,-0.00051179976,585728,637.4561831951141,585728,697.2886
0.00072058133,0.0,331.57,-15.95713157,-0.040113210678100586,420,144,1.246371,0.00014856522,589824,647.1933689117432,589824,460.01312
0.00041060327,0.0,360.86,-15.010855150000003,-0.006040811538696289,506,145,1.2238902,-0.0003509268,593920,655.284743309021,593920,618.4694
0.00028980273,0.0,390.24,-14.61307298,0.03189992904663086,511,146,1.2302183,-0.00011302276,598016,663.29132604599,598016,682.02295
7.323474e-05,0.0,395.44,-15.127035890000002,0.014370203018188477,563,147,1.1910272,-1.4842415e-05,602112,670.5547037124634,602112,592.332
5.269771e-05,0.0,413.07,-13.073906860000001,0.04095351696014404,448,148,1.2156323,-0.00015411322,606208,679.6816930770874,606208,545.5081
0.000121442776,0.0,435.88,-10.474909709999999,0.035398125648498535,522,149,1.2158813,-0.00047474142,610304,687.5200705528259,610304,536.6062
0.0001529277,0.0,452.74,-13.384240669999999,0.045207858085632324,407,150,1.2380146,5.000712e-05,614400,697.5642051696777,614400,668.89185
6.814839e-05,0.0,462.91,-13.68179842,0.05233639478683472,525,151,1.2226329,-7.2182636e-05,618496,705.3583335876465,618496,426.7132
0.00032857773,0.0,486.15,-11.679063380000002,0.03824359178543091,430,152,1.2506847,-0.00022155794,622592,714.8681981563568,622592,483.18738
0.00013577571,0.0,506.94,-7.7070348000000015,0.05509144067764282,446,153,1.2315129,-0.0004986604,626688,724.0431678295135,626688,450.47687
0.0004683809,0.0,516.0,-8.91547659,0.06561875343322754,459,154,1.1851215,-0.00024005343,630784,732.9594168663025,630784,444.76257
0.0008102239,0.0,522.43,-9.03377987,0.09522461891174316,410,155,1.1787876,0.00017519054,634880,742.9387216567993,634880,526.063
0.0003905797,0.0,542.87,-12.999140500000003,0.05530202388763428,526,156,1.1716033,-0.0013249848,638976,750.7145075798035,638976,919.63586
0.0009444446,0.0,533.09,-13.62439598,0.0874142050743103,510,157,1.1763387,0.00013104442,643072,758.7345108985901,643072,472.53476
6.9028574e-05,0.0,525.83,-9.17248732,0.15448445081710815,497,158,1.1304523,-0.00017278179,647168,766.9717314243317,647168,335.86612
0.000256368,0.0,534.77,-6.517065279999998,0.13931357860565186,472,159,1.1337535,-0.00056002557,651264,775.6382126808167,651264,373.98016
0.00075246237,0.0,541.3,-5.8971865,0.07978904247283936,553,160,1.1199062,-0.00031369698,655360,783.0365722179413,655360,562.6785
6.61451e-05,0.0,539.28,-3.8545711499999995,0.10208761692047119,531,161,1.142953,-6.204467e-05,659456,790.7392950057983,659456,707.35925
0.00014024596,0.0,536.49,-2.4335673899999994,0.13164079189300537,530,162,1.1102335,-0.00038960122,663552,798.4592413902283,663552,400.55298
0.00037496112,0.0,550.47,1.4789507499999994,0.14090877771377563,554,163,1.1667267,-0.001433757,667648,805.8478384017944,667648,412.81558
0.0006746914,0.0,544.18,2.0812517900000005,0.12351459264755249,502,164,1.1841409,-0.0015027939,671744,814.0077230930328,671744,470.1145
0.00026839995,0.0,541.59,1.7039484999999994,0.15691328048706055,524,165,1.1633271,-5.8381745e-05,675840,821.8178641796112,675840,535.1966
4.5526343e-05,0.0,542.34,2.7330329100000004,0.16701596975326538,525,166,1.1402273,-9.262265e-05,679936,829.6060497760773,679936,366.85156
6.711732e-05,0.0,550.67,5.5235039399999994,0.16373634338378906,450,167,1.2137004,-0.00012178728,684032,838.6959450244904,684032,268.25702
0.00026473365,0.0,536.99,5.193056319999999,0.0843457579612732,601,168,1.1201262,-0.000848204,688128,845.5040040016174,688128,659.68933
0.00012905715,0.0,544.17,12.1886809,0.15410417318344116,455,169,1.1587498,4.2815955e-05,692224,854.5003266334534,692224,332.20367
2.3425668e-05,0.0,547.97,11.284820639999998,0.15399426221847534,489,170,1.1458814,-0.00016635399,696320,862.8718962669373,696320,479.88992
6.994222e-05,0.0,560.77,14.713462339999996,0.16873925924301147,418,171,1.1801907,-0.00027445366,700416,872.6535646915436,700416,284.49933
0.00096566125,0.0,575.6,14.307640690000001,0.19886499643325806,451,172,1.1879274,-0.0013146703,704512,881.7250702381134,704512,288.19083
0.00046538044,0.0,576.18,15.025514789999997,0.14507228136062622,473,173,1.1759027,-0.0004360837,708608,890.3830413818359,708608,285.96115
0.00031158666,0.0,583.95,18.460098180000003,0.15202391147613525,578,174,1.0933862,-0.00022943328,712704,897.4624516963959,712704,440.59766
0.00023168289,0.0,575.24,18.603323,0.2233210802078247,488,175,1.1300404,-9.1475216e-05,716800,905.8420352935791,716800,277.46497
0.00010260187,0.0,615.72,23.46603071,0.24364542961120605,489,176,1.1491839,-0.0002961546,720896,914.2152588367462,720896,275.01547
0.011625679,0.052001953,639.04,26.76806271,0.2788175344467163,486,177,1.1989932,-0.0021244558,724992,922.6384184360504,724992,283.1238
0.015158979,0.07574463,646.62,26.1512935,0.07165032625198364,457,178,1.1691068,0.0015901739,729088,931.5943086147308,729088,359.1725
0.00026955106,0.0,659.32,26.03986447000001,0.22771596908569336,481,179,1.13094,-0.00028000982,733184,940.1100924015045,733184,411.42798
8.569975e-05,0.0,681.5,23.887543360000006,0.06157064437866211,542,180,1.0951283,-0.00023799177,737280,947.6626420021057,737280,425.39706
3.5989357e-05,0.0,671.31,18.577866090000004,0.07898104190826416,519,181,1.1022424,-0.00016554426,741376,955.5428414344788,741376,784.81714
3.4238423e-05,0.0,680.0,16.153217150000003,0.06475740671157837,496,182,1.1105846,-0.00038237488,745472,963.7892541885376,745472,540.5694
0.00012755016,0.0,666.51,12.62476338,0.2093014121055603,429,183,1.1643957,-0.0004982656,749568,973.3251352310181,749568,197.26178
0.00024458062,0.0,689.0,14.682730529999997,0.17223501205444336,426,184,1.1572586,-0.001209071,753664,982.9248921871185,753664,246.14725
0.0015570003,0.0,711.19,18.72146756,0.14732563495635986,494,185,1.1485416,-0.002555543,757760,991.2033820152283,757760,139.06624
0.000576643,0.0,698.91,19.70612109,0.1788473129272461,571,186,1.1639259,0.00017230939,761856,998.3727712631226,761856,353.50012
2.2241407e-05,0.0,704.96,21.58660674,0.25968676805496216,442,187,1.1698104,-8.6321474e-05,765952,1007.6268346309662,765952,229.56311
4.5118322e-05,0.0,695.28,23.649001049999995,0.16931790113449097,523,188,1.0708399,-0.0001812689,770048,1015.4559817314148,770048,303.75525
1.6611448e-05,0.0,688.16,26.644641420000003,0.24600523710250854,497,189,1.1490389,-0.00012892763,774144,1023.6858558654785,774144,354.38818
2.2705075e-05,0.0,695.08,28.140867630000002,0.30088138580322266,407,190,1.1352667,-1.5668047e-07,778240,1033.738261938095,778240,201.28261
6.8430445e-06,0.0,707.99,30.06764819,0.26785439252853394,498,191,1.09284,-8.95399e-05,782336,1041.9539706707,782336,309.55353
2.9240497e-05,0.0,723.19,30.147027110000003,0.22230255603790283,485,192,1.1398219,-0.00032059307,786432,1050.3901643753052,786432,278.96997
0.00015756034,0.0,716.56,28.418539730000003,0.18874555826187134,505,193,1.1394876,-0.00063117046,790528,1058.496037721634,790528,299.89578
6.875099e-05,0.0,716.56,29.509200710000002,0.3002735376358032,514,194,1.0578272,-2.5450005e-05,794624,1066.4649827480316,794624,237.00423
3.392768e-05,0.0,716.66,29.13562846,0.31671851873397827,461,195,1.1341512,-0.00015520315,798720,1075.348430633545,798720,126.49469
2.2656852e-05,0.0,704.85,30.20424094,0.2301667332649231,459,196,1.1305052,-3.97298e-05,802816,1084.2536659240723,802816,259.7223
3.668744e-05,0.0,717.43,37.68417072,0.4002267122268677,454,197,1.140649,-0.0003117632,806912,1093.2602219581604,806912,146.33154
0.0004841265,0.0,724.45,41.77501789,0.2600727081298828,457,198,1.0980479,-0.00055296253,811008,1102.213535785675,811008,239.62746
5.5357734e-05,0.0,738.93,51.14410122,0.3856421709060669,424,199,1.1677527,-0.000102566424,815104,1111.8648836612701,815104,144.99005
2.1844984e-05,0.0,726.3,52.04010667000001,0.10904604196548462,557,200,1.1217747,-0.00013468404,819200,1119.2086336612701,819200,628.72766
4.627266e-05,0.0,725.95,54.66446977,0.2688894271850586,527,201,1.125115,-0.00029322394,823296,1126.967934846878,823296,264.83682
5.4792432e-05,0.0,725.85,55.811537690000016,0.32631421089172363,530,202,1.1530721,9.9893194e-05,827392,1134.69304895401,827392,161.71828
0.0001113083,0.0,732.67,59.32613261999999,0.24318158626556396,528,203,1.1176256,-0.00041074227,831488,1142.4421391487122,831488,202.04094
0.00012969984,0.0,739.6,59.70262975000001,0.5077952444553375,499,204,1.1632262,-1.7129147e-05,835584,1150.638643026352,835584,124.5039
0.0002484186,0.0,747.61,60.87971667000001,0.301735520362854,481,205,1.1168159,-0.00059458485,839680,1159.1381995677948,839680,163.5372
0.00042216654,0.0,741.11,61.208584009999996,0.2545636296272278,468,206,1.135217,-0.00047766702,843776,1167.8723680973053,843776,278.89478
9.309195e-05,0.0,763.43,64.53761814999999,0.541730135679245,486,207,1.1185917,-9.196281e-05,847872,1176.2941138744354,847872,137.84357
4.3519187e-05,0.0,770.59,65.55182171999999,0.5337738990783691,515,208,1.0910698,0.00027060372,851968,1184.2344496250153,851968,110.64897
6.853018e-05,0.0,770.4,65.91760108999999,0.3532212972640991,506,209,1.1173769,-4.1499094e-05,856064,1192.3257718086243,856064,202.59045
5.6186593e-05,0.0,762.82,68.97605539,0.08069658279418945,533,210,1.0996059,-0.00023272823,860160,1200.003276348114,860160,293.7973
0.00015836762,0.0,777.31,71.40000256,0.5243211090564728,476,211,1.1179253,-0.00037696643,864256,1208.593009710312,864256,98.21898
0.00055407063,0.0,776.51,72.53779535999999,0.3475497364997864,494,212,1.05531,-6.086132e-05,868352,1216.8688175678253,868352,156.88962
0.00013872865,0.0,776.77,72.28597439,0.32916760444641113,531,213,1.1074584,-0.0002759412,872448,1224.5760395526886,872448,138.37895
0.0002708018,0.0,777.61,71.96240735,0.22856849431991577,453,214,1.1303186,-0.00044398246,876544,1233.6181631088257,876544,134.79033
0.00026278454,0.0,784.38,70.63744268999999,0.3207016587257385,406,215,1.154507,-0.00064485864,880640,1243.689388036728,880640,86.12156
0.0006288902,0.0,792.19,70.23461715,0.3567182421684265,422,216,1.1442634,-0.0011891902,884736,1253.3807320594788,884736,86.51867
0.000514327,0.0,785.13,69.81500898,0.34855329990386963,508,217,1.0862445,0.00015405462,888832,1261.432567358017,888832,211.55681
9.866611e-05,0.0,791.85,72.12200828,0.5673079788684845,465,218,1.100309,-0.00053560524,892928,1270.234917640686,892928,135.49445
0.00024406746,0.0,805.97,77.81416294000002,0.36342382431030273,527,219,1.0471505,-0.0003196174,897024,1278.0043997764587,897024,205.15488
3.6955593e-05,0.0,819.49,80.43615486,0.45494645833969116,538,220,1.0415614,-0.000103158876,901120,1285.606900691986,901120,127.11881
2.0197916e-05,0.0,817.89,80.76061274,0.25449901819229126,566,221,1.064624,2.6053604e-05,905216,1292.8403868675232,905216,243.21628
3.163322e-05,0.0,786.85,77.79758847000001,0.20006781816482544,617,222,1.0826408,-0.000111334506,909312,1299.4763176441193,909312,280.28793
1.5056036e-05,0.0,779.13,78.9475702,0.2698502540588379,465,223,1.0834942,-7.748473e-05,913408,1308.284409046173,913408,243.58995
5.0191804e-05,0.0,764.16,78.10656602,0.2603418231010437,575,224,1.0470635,-0.0002485059,917504,1315.4066421985626,917504,273.55002
3.414468e-05,0.0,778.87,80.89879302,0.6135817170143127,550,225,1.0927756,-7.201351e-05,921600,1322.8423879146576,921600,94.12904
0.00036493948,0.0,750.65,76.42334208999999,0.2103843092918396,553,226,1.0956146,-0.0003503544,925696,1330.2415528297424,925696,330.0223
9.017036e-05,0.0,735.83,78.42543336,0.2906268239021301,537,227,1.0675364,-0.00021994712,929792,1337.8640027046204,929792,252.81187
2.3197075e-05,0.0,743.29,79.98624836,0.6001883447170258,557,228,1.0851967,-7.592986e-05,933888,1345.2054796218872,933888,112.79404
0.00012438507,0.0,732.62,80.50789487,0.14577114582061768,522,229,1.0509307,-0.00040934904,937984,1353.0519456863403,937984,424.77457
0.00010540371,0.0,717.28,79.19564366,0.2892352342605591,518,230,1.0697774,-0.00038722274,942080,1360.944908618927,942080,213.4124
8.998155e-05,0.0,716.01,80.1952871,0.24569213390350342,529,231,1.062168,-0.00053665205,946176,1368.6809408664703,946176,287.25964
0.00019572387,0.0,722.57,83.94102655,0.5944179594516754,541,232,1.0782813,-0.00018798359,950272,1376.243971824646,950272,85.209465
5.088064e-05,0.0,722.57,86.36164271999998,0.6367713212966919,475,233,1.0465845,-5.9037906e-05,954368,1384.8602573871613,954368,68.6217
9.9292985e-05,0.0,715.06,86.40389891,0.4845050573348999,519,234,1.0302069,-0.00015431936,958464,1392.751301765442,958464,97.39341
0.00032666422,0.0,737.32,89.95693419999999,0.5589008629322052,511,235,1.088653,-0.0009899996,962560,1400.7587254047394,962560,87.02822
0.0037848398,0.0,716.62,85.26285373999997,0.2369680404663086,563,236,1.0906627,-0.00063201116,966656,1408.0292665958405,966656,227.54019
0.0003461959,0.0,717.09,85.43767819,0.6842665672302246,529,237,1.1290095,-0.0006261582,970752,1415.7621245384216,970752,67.978935
0.00032125702,0.0,716.55,84.79508231,0.3948560357093811,534,238,1.0810059,-0.00075560313,974848,1423.4289109706879,974848,164.21857
0.00023906284,0.0,724.5,86.75240265000002,0.3782467246055603,572,239,1.1305293,-0.0004381152,978944,1430.5866782665253,978944,219.74951
7.70067e-05,0.0,739.51,89.22394015,0.30742961168289185,539,240,1.0612876,-0.00025198597,983040,1438.17764544487,983040,277.94647
8.8323686e-05,0.0,746.47,91.76109644,0.31044840812683105,556,241,1.0916358,-0.0003624783,987136,1445.5395576953888,987136,232.29398
8.058499e-05,0.0,744.49,92.28289058,0.16889190673828125,578,242,1.0520731,-5.298946e-05,991232,1452.6196537017822,991232,365.26053
2.5412464e-05,0.0,752.3,92.37000568000002,0.573267251253128,551,243,1.070632,-1.0803924e-06,995328,1460.0461099147797,995328,116.9523
0.000104447936,0.0,757.68,93.66950542000001,0.5000478029251099,523,244,1.0789584,-0.00084908213,999424,1467.8708140850067,999424,142.91376
0.0008545326,0.0,741.16,90.30511659999998,0.2042047381401062,628,245,1.098453,-0.001616786,1003520,1474.386234998703,1003520,464.71448
0.000313484,0.0,708.34,85.22274333,0.19847363233566284,558,246,1.083735,-0.0003715772,1007616,1481.7148640155792,1007616,500.32208
1.2489749e-05,0.0,703.87,83.64970457999999,0.3720250725746155,572,247,1.058053,-2.679789e-05,1011712,1488.871206998825,1011712,273.63757
4.5481407e-05,0.0,702.02,83.96990257000002,0.2633908987045288,541,248,1.0763643,-0.00056828186,1015808,1496.438264131546,1015808,302.9355
0.00019866225,0.0,692.53,82.95324012,0.46541082859039307,575,249,1.0899724,-0.00021309056,1019904,1503.559458732605,1019904,166.79161
7.8087236e-05,0.0,692.53,84.14096787,0.5664483904838562,537,250,1.0666873,-0.0003276683,1024000,1511.1818149089813,1024000,157.60472
9.798868e-05,0.0,691.97,85.75430095999998,0.5628113150596619,565,251,1.0772117,-0.0003421031,1028096,1518.4268023967743,1028096,127.77096
0.0001653873,0.0,673.12,84.64956182000002,0.3637234568595886,580,252,1.0847397,-0.0005932485,1032192,1525.4883794784546,1032192,249.44481
0.00030111847,0.0,694.3,88.85631629,0.5991458594799042,555,253,1.0867945,-0.0012107331,1036288,1532.8623299598694,1036288,143.93262
0.0060537118,0.021972656,644.29,82.30937551,0.19157224893569946,614,254,1.0743463,0.0056576915,1040384,1539.5299272537231,1040384,496.80206
0.00018197884,0.0,556.28,70.05867441000001,0.24408239126205444,722,255,0.98145306,-0.0005432066,1044480,1545.198086977005,1044480,549.97906
0.000110993176,0.0,466.11,60.70640559,0.27327340841293335,723,256,0.98820496,-0.00017810863,1048576,1550.8621289730072,1048576,569.51495
7.87925e-05,0.0,475.96,63.50468416999999,0.36420106887817383,641,257,1.0216546,-0.00043450395,1052672,1557.2452354431152,1052672,315.06628
7.795816e-05,0.0,449.29,62.369414450000015,0.19210541248321533,745,258,0.99848026,-0.00010733842,1056768,1562.739192724228,1056768,677.8613
1.5515563e-05,0.0,431.8,60.88717439999999,0.35076671838760376,611,259,1.0074571,-0.00022892331,1060864,1569.4395487308502,1060864,282.06232
3.8451682e-05,0.0,414.98,59.59154940999999,0.3537967801094055,606,260,1.0331395,-0.00027033483,1064960,1576.1937880516052,1064960,306.67383
0.00032015785,0.0,389.15,56.94514131,0.3836022615432739,613,261,1.0189525,-0.0009682151,1069056,1582.8733825683594,1069056,283.4482
8.339091e-05,0.0,397.89,59.57077792,0.5663467049598694,615,262,1.0137208,-1.5613077e-05,1073152,1589.5307576656342,1073152,166.8664
1.39743e-05,0.0,388.31,57.79841018,0.533928394317627,563,263,1.018412,-0.00015132038,1077248,1596.8065292835236,1077248,161.21088
2.3688639e-05,0.0,405.1,61.656000160000005,0.34833502769470215,606,264,1.0199603,-0.00017080174,1081344,1603.5580961704254,1081344,308.19565
3.2500637e-05,0.0,415.27,62.322234980000005,0.19345057010650635,611,265,0.9735314,-9.3764844e-05,1085440,1610.2613713741302,1085440,538.5022
6.778081e-05,0.0,442.22,66.7921257,0.33411699533462524,546,266,0.9939885,-0.00035169817,1089536,1617.7501726150513,1089536,286.80484
0.00023991495,0.0,478.1,71.49014491000001,0.28079551458358765,624,267,1.0264935,-0.0006630835,1093632,1624.3060207366943,1093632,382.6358
0.00014223349,0.0,497.06,71.73909277,0.2729760408401489,602,268,1.0231874,-4.305692e-05,1097728,1631.1028487682343,1097728,308.9724
8.8890665e-05,0.0,491.11,73.31129010000001,0.37751978635787964,680,269,1.0019779,-0.0003731281,1101824,1637.121633052826,1101824,382.87173
8.274751e-05,0.0,508.9,75.81445127,0.28780651092529297,650,270,1.0249441,-0.0005172234,1105920,1643.4174935817719,1105920,363.3921
7.643793e-05,0.0,509.45,74.15576004,0.31812071800231934,614,271,1.0317069,-0.0004887619,1110016,1650.081354856491,1110016,348.60675
7.1036724e-05,0.0,535.23,78.60181549999999,0.4059995412826538,633,272,1.025458,-0.00020685096,1114112,1656.5501894950867,1114112,305.53903
0.000104206716,0.0,543.31,80.35614670000001,0.4777553081512451,619,273,0.9616578,-0.0001899099,1118208,1663.1627111434937,1118208,190.32933
0.00010274215,0.0,553.4,80.94276442,0.44059544801712036,562,274,1.0282645,-6.425363e-05,1122304,1670.4419305324554,1122304,238.4661
5.270754e-05,0.0,546.61,78.75815899999999,0.42296892404556274,651,275,1.0346082,-0.00012859801,1126400,1676.7277991771698,1126400,219.80733
5.178534e-05,0.0,563.7,81.98135019,0.6860888600349426,577,276,1.0299537,-5.170006e-05,1130496,1683.820079088211,1130496,94.95111
7.6454184e-05,0.0,572.36,82.13220333,0.6263587474822998,570,277,1.0090773,-6.038067e-05,1134592,1690.995604276657,1134592,123.05262
7.032311e-05,0.0,571.49,81.11888026000001,0.3266192674636841,587,278,1.0159476,0.00058670755,1138688,1697.9638030529022,1138688,309.66177
5.3801108e-05,0.0,587.86,85.09978234999998,0.5049472749233246,618,279,0.9923718,-0.0001828531,1142784,1704.5919556617737,1142784,208.90761
7.887547e-05,0.0,595.67,86.58825911,0.34098368883132935,565,280,1.0026385,-8.296263e-05,1146880,1711.8299405574799,1146880,223.2048
6.403767e-05,0.0,587.59,85.93182722000002,0.4796743392944336,635,281,1.0193651,-0.00031205954,1150976,1718.2806816101074,1150976,241.0336
7.3338e-05,0.0,603.13,88.89216549999999,0.6004534661769867,561,282,1.0178912,-0.00020048596,1155072,1725.5745153427124,1155072,115.406136
0.00015921732,0.0,601.75,89.52240477999997,0.40474122762680054,639,283,0.9811256,-0.0004359542,1159168,1731.9819858074188,1159168,277.3366
9.581759e-05,0.0,611.47,88.33707058999998,0.2261090874671936,621,284,0.9972274,0.00031968864,1163264,1738.5750799179077,1163264,447.10428
0.00019214154,0.0,628.31,90.87970165,0.55062136054039,559,285,1.0112057,-0.0005420027,1167360,1745.9014928340912,1167360,152.02815
0.0002015576,0.0,644.65,92.76288747000001,0.7487499713897705,571,286,0.97286135,-0.00068471365,1171456,1753.0631091594696,1171456,63.240246
0.00037053833,0.0,660.68,94.39454474,0.6617182791233063,538,287,0.9780605,-0.00095012196,1175552,1760.6717734336853,1175552,99.45651
0.00014039062,0.0,668.96,95.04773010999997,0.7962867468595505,553,288,1.026901,-0.00012596123,1179648,1768.0680782794952,1179648,38.53873
5.4167496e-05,0.0,678.18,95.3368824,0.3942216634750366,551,289,0.9656098,-0.00014908767,1183744,1775.4910621643066,1183744,179.83452
5.5903445e-05,0.0,687.69,97.68100133000002,0.4637339115142822,613,290,0.98513305,-0.00012548087,1187840,1782.169991016388,1187840,185.52461
8.370016e-05,0.0,696.16,98.86407587,0.735912024974823,554,291,0.96361357,-0.00028941414,1191936,1789.5533423423767,1191936,52.28914
4.0881627e-05,0.0,703.99,99.39976690000002,0.6724952459335327,571,292,0.96777594,-7.185331e-05,1196032,1796.7162368297577,1196032,90.050606
5.443183e-05,0.0,712.07,100.09846273,0.57301464676857,595,293,1.0077348,-0.00019914511,1200128,1803.5945863723755,1200128,112.03641
0.00021715675,0.0,704.72,99.81658728000001,0.4892258644104004,608,294,1.0140954,-0.00056972785,1204224,1810.321767091751,1204224,152.17181
0.00035752836,0.0,713.13,101.29453261999998,0.6218787729740143,560,295,1.0060353,-0.00056585413,1208320,1817.6285877227783,1208320,110.78589
0.00038766852,0.0,738.85,105.76906073,0.7285504341125488,538,296,1.0022995,-0.0010197671,1212416,1825.2299537658691,1212416,76.23611
0.00075404765,0.0,763.59,108.12210637,0.6913096606731415,541,297,0.98596835,-0.0007429081,1216512,1832.7992243766785,1216512,118.39199
0.0005505358,0.0,764.47,108.81660681000001,0.38716065883636475,613,298,0.9885799,0.00040820742,1220608,1839.477352142334,1220608,237.08197
2.0902426e-05,0.0,756.13,107.25682904,0.2798265218734741,610,299,0.9580251,-0.00012185871,1224704,1846.1821384429932,1224704,187.93457
0.000248184,0.0,755.27,107.06094315,0.42999809980392456,613,300,0.97163904,-0.0008476076,1228800,1852.8600153923035,1228800,236.42049
0.00048796835,0.0,755.29,107.30948223,0.5998629927635193,578,301,0.97001827,-0.00074816385,1232896,1859.9444634914398,1232896,120.135605
0.00016176196,0.0,781.19,110.73921189999999,0.7788219004869461,571,302,0.9673313,-0.00015147457,1236992,1867.1120028495789,1236992,58.439644
0.0004676262,0.0,806.16,114.30228049000002,0.7731453329324722,574,303,0.9463155,-0.0016508234,1241088,1874.23761343956,1241088,57.898403
0.0013088034,0.0,816.83,117.80408556,0.1212608814239502,613,304,0.92254084,0.00017760252,1245184,1880.9187943935394,1245184,309.0964
9.848945e-05,0.0,825.56,117.8816278,0.43574875593185425,605,305,0.9637279,-0.00028143986,1249280,1887.6805129051208,1249280,159.76575
9.15447e-05,0.0,825.56,117.57061166000001,0.7649587541818619,547,306,0.9247481,-0.00037587347,1253376,1895.1596100330353,1253376,49.047596
0.00019018262,0.0,825.56,118.14824485000001,0.7961262613534927,508,307,0.9369203,0.00014453594,1257472,1903.2117273807526,1257472,42.053158
0.000207155,0.0,833.97,120.49320138000002,0.737023651599884,526,308,0.9233188,4.1828986e-05,1261568,1910.9975500106812,1261568,62.64384
0.00071720046,0.0,826.31,120.44195792,0.5569911301136017,613,309,0.890398,-0.0003842294,1265664,1917.6755723953247,1265664,156.0075
9.6034106e-05,0.0,840.38,121.57729088999999,0.47015124559402466,636,310,0.8812643,-0.0004908113,1269760,1924.1133754253387,1269760,184.50769
0.00020201103,0.0,840.38,121.563423,0.8420824706554413,621,311,0.9103689,-1.1304175e-05,1273856,1930.706597328186,1273856,31.978857
0.00039672217,0.0,832.18,121.75099748000001,0.6214128732681274,594,312,0.9264228,-0.0005136022,1277952,1937.6021270751953,1277952,115.16647
0.0005532551,0.0,832.51,120.71735448,0.5790960788726807,614,313,0.94353485,-0.0004132074,1282048,1944.2681539058685,1282048,105.44148
0.00046630777,0.0,839.86,122.58579354,0.7743446230888367,620,314,0.9585893,-0.0003412568,1286144,1950.8670916557312,1286144,66.181694
0.00017869023,0.0,833.17,119.77820908,0.27249830961227417,549,315,0.9702426,-0.00011179873,1290240,1958.3262717723846,1290240,321.05322
6.694198e-05,0.0,833.17,120.03233462,0.7349803745746613,625,316,0.9486633,-3.3602366e-05,1294336,1964.8795855045319,1294336,104.8195
0.00059819303,0.0,833.17,120.37990798999999,0.7148014903068542,606,317,0.9482283,-0.0009846226,1298432,1971.6321575641632,1298432,85.39737
0.00053727167,0.0,833.78,120.12492843999999,0.6767407655715942,526,318,0.9285224,-0.0011701126,1302528,1979.419017791748,1302528,106.89982
0.00031175406,0.0,835.48,121.86389437000001,0.25038671493530273,630,319,0.92265415,0.00018366898,1306624,1985.9128077030182,1306624,465.03833
2.1640544e-05,0.0,844.36,125.54738600000002,0.5599843263626099,619,320,0.9166794,-0.00013854488,1310720,1992.5281195640564,1310720,143.8493
5.71567e-05,0.0,836.25,122.65966414,0.3619205951690674,643,321,0.89827174,-0.00018388774,1314816,1998.8936367034912,1314816,188.7707
9.701394e-05,0.0,820.11,119.84019798,0.3408491015434265,606,322,0.9359533,-0.00021799773,1318912,2005.647796869278,1318912,291.8543
9.508192e-05,0.0,811.82,118.24450691,0.4716094136238098,531,323,0.9500947,-0.0006154921,1323008,2013.3481154441833,1323008,202.21848
0.00011120038,0.0,816.25,119.03759243000002,0.55391526222229,579,324,0.8908954,-5.198725e-05,1327104,2020.4159898757935,1327104,121.14488
9.725582e-05,0.0,815.52,119.81406911,0.7190715074539185,548,325,0.9495597,-0.00023376409,1331200,2027.8831844329834,1331200,78.88203
3.3606342e-05,0.0,791.49,116.38205803000001,0.3637368083000183,597,326,0.91645265,-0.0001405791,1335296,2034.7362201213837,1335296,295.7164
4.7830035e-05,0.0,776.2,115.71107426,0.41360777616500854,635,327,0.9209,-5.9077065e-05,1339392,2041.1865103244781,1339392,273.71655
2.9964645e-05,0.0,767.46,115.37370103,0.35677462816238403,615,328,0.9497132,-0.00017785236,1343488,2047.8370306491852,1343488,302.72055
9.260408e-05,0.0,767.46,114.92298828999999,0.8175854980945587,555,329,0.88873506,-3.6218116e-05,1347584,2055.206747531891,1347584,48.71829
0.00021115788,0.0,759.12,113.37657280000002,0.6429397761821747,625,330,0.9068556,-0.00041861983,1351680,2061.7591087818146,1351680,118.40594
0.0001014583,0.0,750.68,112.08829817999998,0.28229820728302,614,331,0.9306001,-6.2020496e-05,1355776,2068.4294559955597,1355776,342.36633
2.2652901e-05,0.0,725.71,107.86415270000002,0.394985556602478,620,332,0.90573823,-0.00023739183,1359872,2075.0299520492554,1359872,255.18839
3.129344e-05,0.0,724.05,107.84405973999998,0.4506374001502991,563,333,0.92466915,-6.6107095e-05,1363968,2082.3006353378296,1363968,241.55072
0.00010155408,0.0,715.49,106.14377748000001,0.6874055862426758,552,334,0.8838598,-0.0004223658,1368064,2089.708889722824,1368064,101.29795
0.0007557058,0.0,698.67,104.86129403999998,0.545779824256897,580,335,0.92078966,-0.001101491,1372160,2096.764031648636,1372160,141.62875
0.00016302217,0.0,706.27,103.6204394,0.32145512104034424,560,336,0.90227777,-0.0002617034,1376256,2104.076688528061,1376256,293.3434
0.00024129772,0.0,700.69,98.55879807000001,0.11963123083114624,602,337,0.89103115,-0.00045342438,1380352,2110.875880241394,1380352,494.78513
9.5622374e-05,0.0,693.92,97.47701072999999,0.24548715353012085,569,338,0.87893546,-0.00056589115,1384448,2118.0718853473663,1384448,335.7574
0.00015956463,0.0,701.93,100.26608137,0.8107251673936844,525,339,0.89497083,-0.00035703176,1388544,2125.871063709259,1388544,53.393993
0.0004434054,0.0,716.22,101.71566496,0.41204124689102173,539,340,0.8558688,0.00039812623,1392640,2133.464971780777,1392640,139.45804
0.00023184001,6.1035156e-05,724.51,103.29445282,0.8322046995162964,524,341,0.8992492,-0.00097099034,1396736,2141.2707657814026,1396736,35.100883
0.0015885131,0.0,732.82,104.15573821,0.7890271544456482,623,342,0.86271524,-0.00030403648,1400832,2147.8420310020447,1400832,46.035835
0.0006592079,0.0,749.69,105.91492674000001,0.6740492582321167,536,343,0.8897438,0.00025616487,1404928,2155.47517991066,1404928,65.79152
0.00047329848,0.0,762.84,108.90972491000001,0.5756189823150635,631,344,0.87237126,-0.0013030686,1409024,2161.962245464325,1409024,145.36816
0.00020123599,0.0,762.8,107.20641618000002,0.2906321883201599,518,345,0.86548555,0.0003375961,1413120,2169.8606917858124,1413120,158.01482
0.00011560199,0.0,770.49,106.86990957,0.46592849493026733,533,346,0.8652769,-0.00020042952,1417216,2177.5385007858276,1417216,143.6241
0.00018454285,0.0,786.75,108.46902687,0.7476075291633606,546,347,0.8181435,0.00020156319,1421312,2185.0361218452454,1421312,49.511623
0.00013960365,0.0,803.03,110.83601114000001,0.7853713780641556,506,348,0.82608014,-0.00044178314,1425408,2193.129097700119,1425408,51.153522
0.00036455906,0.0,787.02,107.48515083999999,0.21125167608261108,607,349,0.82134855,-0.00024427474,1429504,2199.867012500763,1429504,296.9636
6.0635837e-05,0.0,795.36,108.95379752,0.79733707010746,556,350,0.8017128,9.3410694e-05,1433600,2207.233451604843,1433600,55.35386
2.5705547e-05,0.0,799.65,111.38533177,0.15735900402069092,606,351,0.85148597,-0.00021843964,1437696,2213.988374710083,1437696,445.67352
0.000107538115,0.0,800.35,112.03531134,0.30125463008880615,588,352,0.8137244,-6.861909e-05,1441792,2220.951535463333,1441792,360.5641
3.4735964e-05,0.0,791.78,108.93319554999998,0.366496205329895,579,353,0.79441553,-0.00025049367,1445888,2228.0256838798523,1445888,220.90698
0.00026511512,0.0,798.07,111.38475776000001,0.4972951412200928,622,354,0.7965969,-0.00035654864,1449984,2234.6085000038147,1449984,190.20804
0.00042581497,0.0,808.03,115.55204619,0.6213780343532562,613,355,0.765204,-5.1126503e-05,1454080,2241.2841527462006,1454080,122.9563
5.093119e-05,0.0,792.93,118.50834657000001,0.34714722633361816,678,356,0.7929453,-0.0002916953,1458176,2247.32511138916,1458176,286.77063
0.0007822489,0.0,808.13,122.04824365,0.635173887014389,625,357,0.7391469,-0.0011471388,1462272,2253.8754708766937,1462272,110.2672
0.0015977038,0.0,827.96,127.80119966000001,0.603188157081604,682,358,0.7223016,-0.0011826041,1466368,2259.8805849552155,1466368,123.28152
0.00021757087,0.0,827.96,126.71364627999998,0.8254236727952957,592,359,0.69535726,-3.8004204e-05,1470464,2266.793862581253,1470464,35.01408
0.00020493894,0.0,820.43,125.96286169999999,0.24831366539001465,624,360,0.75381964,0.0002646671,1474560,2273.3542749881744,1474560,284.73822
5.7984063e-05,0.0,812.73,124.73138382,0.45501798391342163,635,361,0.7343862,-0.0005149975,1478656,2279.795634031296,1478656,182.75902
0.00015316039,0.0,779.31,118.63979519999997,0.20893162488937378,721,362,0.7522436,-0.00031801636,1482752,2285.4703187942505,1482752,328.55106
7.55338e-05,0.0,762.49,120.17205476000001,0.29528510570526123,673,363,0.7663342,-9.2040864e-05,1486848,2291.555148124695,1486848,410.12152
1.866598e-05,0.0,761.57,121.37982375999998,0.5390017628669739,604,364,0.7167797,-0.00024247097,1490944,2298.3274281024933,1490944,156.81
0.00033513297,0.0,764.82,124.62408872999998,0.5561140477657318,611,365,0.745517,-0.0007433684,1495040,2305.027540206909,1495040,166.52803
0.00084350375,0.0,748.66,128.59664916,0.44635188579559326,661,366,0.6955583,-0.0010250838,1499136,2311.2212595939636,1499136,229.71127
0.00021471469,0.0,712.65,133.61039619000002,0.14432495832443237,677,367,0.7214501,-0.00064009486,1503232,2317.2664139270782,1503232,596.19073
5.739947e-05,0.0,710.29,135.73267281000003,0.17081791162490845,627,368,0.71121657,-0.00011894974,1507328,2323.794856071472,1507328,392.41428
5.0567873e-05,0.0,691.85,138.20403988,0.22240805625915527,749,369,0.7026769,-0.00024939788,1511424,2329.2613077163696,1511424,517.0703
7.36548e-05,0.0,667.87,144.18685976,0.14553189277648926,685,370,0.7229858,-0.0003523304,1515520,2335.236270427704,1515520,597.505
0.00011536331,0.0,648.38,145.78727789,0.34692490100860596,669,371,0.67009676,-4.8885224e-05,1519616,2341.3578708171844,1519616,416.9645
2.5794528e-05,0.0,657.25,153.45640809,0.40975451469421387,686,372,0.69347334,-0.00022707244,1523712,2347.323699235916,1523712,359.41144
1.2986496e-05,0.0,574.66,149.5174109,0.023882627487182617,757,373,0.7968292,-6.872234e-05,1527808,2352.7301466464996,1527808,931.9606
1.2425469e-05,0.0,533.34,154.12070812,0.2699451446533203,746,374,0.75303316,-0.00031461116,1531904,2358.21670126915,1531904,602.5562
9.245568e-05,0.0,514.85,168.33271842000002,0.09333866834640503,762,375,0.7262748,-0.0006847442,1536000,2363.592010974884,1536000,746.03925
0.00014799726,0.0,449.39,167.90482898,0.03138762712478638,718,376,0.7427294,-0.0005479263,1540096,2369.2911217212677,1540096,786.02026
8.388782e-05,0.0,422.22,166.44048055,0.12891614437103271,711,377,0.746875,-0.00022865948,1544192,2375.05220246315,1544192,750.88556
7.973488e-06,0.0,413.96,171.94952881,0.18342018127441406,722,378,0.70137674,2.332568e-05,1548288,2380.7203946113586,1548288,726.937
3.0148674e-06,0.0,394.11,176.84110031999998,-0.02061760425567627,747,379,0.77128136,-2.7580856e-05,1552384,2386.202867746353,1552384,1047.8353
1.387415e-06,0.0,368.11,172.03961852,0.12190335988998413,777,380,0.80518323,-3.08456e-05,1556480,2391.468684911728,1556480,960.52264
4.723045e-06,0.0,354.37,178.12630328000003,0.0654345154762268,753,381,0.7134034,-8.287994e-05,1560576,2396.9056968688965,1560576,870.3617
1.0579223e-05,0.0,349.14,186.47053671999998,-0.030276060104370117,796,382,0.78236365,-2.0312073e-05,1564672,2402.0470197200775,1564672,996.75354
4.9476184e-06,0.0,331.84,176.69457174000001,0.10695630311965942,782,383,0.8077782,-6.9598085e-05,1568768,2407.285525083542,1568768,1043.5654
1.1172189e-05,0.0,337.5,175.47791048,0.08239990472793579,739,384,0.7798776,-0.0001071147,1572864,2412.8274455070496,1572864,729.2694
9.920199e-05,0.0,330.28,177.45564775000005,0.055610597133636475,725,385,0.7533764,-0.000530786,1576960,2418.470246076584,1576960,784.6432
6.1199964e-05,0.0,325.49,171.51006722,-0.05534207820892334,736,386,0.7595622,-0.00036714025,1581056,2424.0296714305878,1581056,940.4746
7.74323e-06,0.0,325.87,180.13610445999998,-0.25080180168151855,766,387,0.76727307,-3.673637e-05,1585152,2429.3716490268707,1585152,815.41876
1.7277249e-05,0.0,330.28,182.80592396,0.00325167179107666,717,388,0.6998249,-7.7922654e-05,1589248,2435.0774097442627,1589248,854.46606
5.298301e-06,0.0,328.49,184.08580963,0.04875028133392334,747,389,0.78008693,1.8930878e-05,1593344,2440.5573737621307,1593344,875.35425
7.999258e-06,0.0,341.99,182.87659268,0.2822045087814331,751,390,0.6394939,-9.921458e-05,1597440,2446.0057921409607,1597440,403.8492
3.969792e-06,0.0,357.28,191.68090118000003,0.017101585865020752,756,391,0.73329043,-6.626813e-05,1601536,2451.4195737838745,1601536,702.2023
1.0549857e-05,0.0,347.06,191.06307533999998,0.019755780696868896,799,392,0.79509777,-0.00014582073,1605632,2456.5429985523224,1605632,1135.7402
4.9615956e-05,0.0,349.09,200.78348498,-0.29840195178985596,757,393,0.79087114,-0.00028741074,1609728,2461.9509773254395,1609728,856.77814
3.26298e-05,0.0,342.48,199.20198867000002,-0.004545688629150391,759,394,0.7660018,9.306845e-05,1613824,2467.341498374939,1613824,933.96906
2.0752545e-06,0.0,332.87,197.88883613,-0.027685046195983887,824,395,0.78945446,3.980683e-05,1617920,2472.3106310367584,1617920,1071.6648
2.4718192e-05,0.0,322.79,193.70888218999997,-0.06825041770935059,792,396,0.7825881,-9.412269e-05,1622016,2477.4817764759064,1622016,873.8778
4.7836333e-05,0.0,323.39,198.11856457,0.06840842962265015,777,397,0.77817917,-7.816256e-05,1626112,2482.752526283264,1626112,850.9605
9.181697e-06,0.0,301.61,192.26694265000003,0.003967583179473877,785,398,0.7707074,-5.8130412e-05,1630208,2487.970663547516,1630208,1188.5824
1.3537022e-05,0.0,303.54,195.12560937,0.07741767168045044,792,399,0.78608423,-0.00013403254,1634304,2493.1403329372406,1634304,810.11505
1.3795869e-05,0.0,304.12,191.92986766,0.016094088554382324,789,400,0.7353633,-0.00015579657,1638400,2498.3264286518097,1638400,844.4749
2.1544844e-05,0.0,312.4,194.46157708999996,0.2097349762916565,768,401,0.7211036,-1.21380435e-05,1642496,2503.656465768814,1642496,623.62573
9.51575e-06,0.0,301.85,188.53257478,0.07620716094970703,832,402,0.8275486,-8.759042e-05,1646592,2508.5747270584106,1646592,1344.8165
1.287709e-05,0.0,307.64,178.80124033,-0.03325152397155762,739,403,0.7757998,-4.2346626e-05,1650688,2514.115891933441,1650688,1293.8265
1.5555936e-05,0.0,323.92,183.29020121999997,0.18397772312164307,734,404,0.6147824,-0.00016271343,1654784,2519.6929290294647,1654784,550.21045
4.4132055e-05,0.0,313.96,178.25599775000003,0.03518223762512207,805,405,0.7692475,-0.00026667045,1658880,2524.77618932724,1658880,929.0997
2.741224e-05,0.0,319.06,180.75228849999996,0.09198927879333496,768,406,0.73415226,-7.245618e-05,1662976,2530.104625940323,1662976,1020.4245
4.6424142e-05,0.0,314.11,178.51736660000006,0.0515516996383667,800,407,0.80352724,-0.00026703597,1667072,2535.2212557792664,1667072,919.31384
1.1417527e-05,0.0,320.82,178.39619018000002,0.14106667041778564,786,408,0.71404123,1.1428987e-05,1671168,2540.4289836883545,1671168,717.51294
6.0182415e-06,0.0,316.03,183.36031083999998,0.02872532606124878,784,409,0.7970917,-7.28367e-05,1675264,2545.648030757904,1675264,982.689
7.100714e-05,0.0,333.61,189.35858886000003,0.22285813093185425,705,410,0.704554,-0.00025287142,1679360,2551.452380657196,1679360,627.89404
3.9681418e-05,0.0,336.76,198.91581193000005,-0.020541906356811523,784,411,0.7671242,-7.95105e-05,1683456,2556.67342209816,1683456,662.36884
2.0637193e-05,0.0,326.59,205.65411693000001,0.10464030504226685,743,412,0.736833,-0.00022444212,1687552,2562.1799433231354,1687552,695.1669
5.376959e-06,0.0,329.96,206.87454431000003,0.02493870258331299,767,413,0.723352,9.515279e-06,1691648,2567.5144855976105,1691648,831.5148
2.585437e-05,0.0,324.43,209.1135697,0.019893109798431396,796,414,0.7631939,-8.253369e-05,1695744,2572.6606228351593,1695744,954.7754
5.658485e-06,0.0,323.82,208.93759270999996,0.009862363338470459,785,415,0.77324724,-7.783763e-05,1699840,2577.8750836849213,1699840,895.82416
6.4960677e-06,0.0,321.32,206.74217301000004,0.054992496967315674,739,416,0.76568586,-3.7013495e-05,1703936,2583.412716627121,1703936,862.8847
4.034131e-06,0.0,327.13,209.31074993999994,0.03669857978820801,716,417,0.7388927,-6.178279e-05,1708032,2589.130291700363,1708032,628.71075
1.0619349e-05,0.0,312.79,207.61128390000002,-0.0993795394897461,758,418,0.76675487,-0.00018945865,1712128,2594.5291554927826,1712128,807.3949
1.9969237e-05,0.0,308.59,210.75057785000004,-0.13291442394256592,806,419,0.73245335,-6.645701e-05,1716224,2599.6066892147064,1716224,784.8024
2.6807864e-05,0.0,302.45,202.52900381000003,0.0225830078125,779,420,0.783735,-2.1925225e-05,1720320,2604.860699892044,1720320,1160.7617
3.2696194e-06,0.0,300.13,205.92742579000003,-0.14373695850372314,782,421,0.7668078,-3.3007163e-05,1724416,2610.0986936092377,1724416,732.1258
1.3971479e-05,0.0,305.67,201.97365676999993,0.033498287200927734,728,422,0.78008336,-5.685966e-05,1728512,2615.722010374069,1728512,872.36365
7.4891464e-06,0.0,302.07,200.02725448,0.05501621961593628,774,423,0.8088255,-0.000115991774,1732608,2621.0138902664185,1732608,883.46423
7.87521e-06,0.0,299.82,204.19881615999998,-0.002464771270751953,754,424,0.7470747,-7.087975e-05,1736704,2626.445151567459,1736704,694.353
3.827514e-05,0.0,302.24,203.80309659,0.003125607967376709,781,425,0.77243304,-2.9907504e-05,1740800,2631.6872737407684,1740800,709.1747
3.7178784e-06,0.0,304.08,200.87412376,0.07563990354537964,767,426,0.73719066,-2.1871674e-05,1744896,2637.0226407051086,1744896,797.8794
3.0310584e-06,0.0,308.65,206.22895737,0.04265254735946655,753,427,0.6918969,-9.263328e-05,1748992,2642.4628059864044,1748992,829.6582
1.5467913e-05,0.0,316.55,206.82136823000002,0.05651843547821045,726,428,0.7280435,-0.00014036344,1753088,2648.1052532196045,1753088,729.15424
1.8651168e-05,0.0,319.52,208.38390848,0.15083903074264526,746,429,0.766321,-0.000118665936,1757184,2653.591281414032,1757184,785.80493
2.9590083e-06,0.0,319.67,219.08055070999998,-0.015286445617675781,774,430,0.7178226,3.064015e-06,1761280,2658.8823986053467,1761280,702.5041
6.1879646e-06,0.0,315.91,222.12082705,-0.23471331596374512,771,431,0.73473114,-4.0410217e-05,1765376,2664.1927292346954,1765376,591.0213
7.225675e-05,0.0,320.62,219.27473327999996,0.11138910055160522,789,432,0.7518229,1.1385666e-05,1769472,2669.381179332733,1769472,961.276
4.333869e-06,0.0,322.62,216.54327746,0.01981496810913086,754,433,0.73266137,-3.020867e-05,1773568,2674.8108830451965,1773568,699.81915
9.804877e-05,0.0,316.79,215.37076232000004,-0.027583956718444824,739,434,0.7347709,-0.0003343358,1777664,2680.351154565811,1777664,801.72034
9.026431e-05,0.0,308.45,212.02830209,0.07717013359069824,765,435,0.7968178,-0.00027505768,1781760,2685.703226327896,1781760,873.3027
5.0995644e-05,0.0,306.72,194.12606897,0.10228604078292847,808,436,0.8264502,-0.0001631295,1785856,2690.768017053604,1785856,1280.6578
7.1801037e-06,0.0,306.39,200.46761126,-0.018347740173339844,750,437,0.80348736,6.1777246e-06,1789952,2696.2258224487305,1789952,581.62604
6.4406545e-06,0.0,310.55,193.05348095999997,0.07601475715637207,765,438,0.8065486,-5.1066672e-05,1794048,2701.576030254364,1794048,710.1442
4.983878e-06,0.0,309.61,188.86588437000003,0.07554739713668823,734,439,0.8023742,-7.992618e-06,1798144,2707.155866622925,1798144,717.5564
3.3422257e-05,0.0,317.24,190.75261304,0.04836946725845337,712,440,0.79126555,-0.00016993933,1802240,2712.9036531448364,1802240,630.79926
0.0002941001,0.0,316.8,195.73920472999998,-0.13512814044952393,761,441,0.8181559,-0.0009087337,1806336,2718.2809269428253,1806336,611.7626
0.00042642426,0.0,321.91,188.36042111000003,0.17521852254867554,716,442,0.756053,-0.0002203124,1810432,2723.995189666748,1810432,978.87897
3.0321498e-05,0.0,321.93,196.45764289000002,0.1293763518333435,767,443,0.7435014,-0.00016653941,1814528,2729.3296236991882,1814528,618.3862
3.436059e-05,0.0,318.04,204.72381739000005,0.09867650270462036,787,444,0.75600994,-0.00015955493,1818624,2734.5324535369873,1818624,828.03033
3.5617406e-05,0.0,307.98,193.44471131999998,0.1706598401069641,834,445,0.7888326,-0.00010435986,1822720,2739.441279411316,1822720,929.02094
6.678414e-05,0.0,307.3,194.80899957999998,0.11533230543136597,767,446,0.72390026,-0.00035292216,1826816,2744.7780480384827,1826816,751.9677
0.00027141572,0.0,291.22,188.74465576,0.13254517316818237,793,447,0.77626497,-0.00018864239,1830912,2749.939963579178,1830912,888.8797
7.950915e-05,0.0,291.62,187.56962865999998,-0.01160573959350586,750,448,0.79343134,3.4634577e-05,1835008,2755.4008600711823,1835008,432.92645
6.151165e-05,0.0,289.87,194.97993327999995,0.05032998323440552,752,449,0.7081571,-0.00042645924,1839104,2760.847797870636,1839104,636.2076
3.0113715e-05,0.0,283.77,185.36726416999997,0.09489840269088745,807,450,0.8157337,-2.2132735e-05,1843200,2765.9190831184387,1843200,1308.3994
1.0460907e-05,0.0,295.23,191.40617798,0.09161478281021118,726,451,0.7351169,-0.00015575407,1847296,2771.559320449829,1847296,580.90405
2.7774231e-05,0.0,296.04,195.74727320000005,-0.01719069480895996,759,452,0.7755802,-0.00020601889,1851392,2776.952362060547,1851392,556.12134
4.4666012e-05,0.0,306.41,209.76653162,0.015546143054962158,720,453,0.7202713,-0.00015109265,1855488,2782.6397330760956,1855488,447.67917
2.8578017e-05,0.0,307.41,213.29826678,-0.0009481906890869141,779,454,0.7925212,8.830096e-05,1859584,2787.895345687866,1859584,733.6824
2.6721587e-05,0.0,314.4,214.78597339999996,0.02950364351272583,733,455,0.796104,-0.00018568704,1863680,2793.4812898635864,1863680,610.37445
6.216391e-05,0.0,318.21,207.21638261999996,0.10627299547195435,709,456,0.8385632,-0.00015949254,1867776,2799.2527434825897,1867776,751.6451
1.2461125e-05,0.0,319.44,202.92646513000003,0.1151585578918457,729,457,0.75565624,3.976107e-05,1871872,2804.8716292381287,1871872,624.27057
5.746165e-06,0.0,330.66,212.65260343000003,0.11030232906341553,728,458,0.71595865,-7.214745e-05,1875968,2810.493629217148,1875968,406.16852
4.1729377e-06,0.0,334.64,214.39830677999998,0.010035097599029541,743,459,0.76595783,-4.0683706e-05,1880064,2816.0056734085083,1880064,494.26984
6.4773403e-06,0.0,329.08,203.92528753,0.1001940369606018,760,460,0.8264177,-4.2752014e-05,1884160,2821.392613887787,1884160,789.60815
8.421079e-06,0.0,322.52,201.64266639000002,0.06869375705718994,770,461,0.7945495,-6.322327e-05,1888256,2826.712125301361,1888256,661.5289
8.0288315e-05,0.0,331.01,201.96176696000003,0.026512980461120605,690,462,0.7104011,-0.00021556299,1892352,2832.6466431617737,1892352,492.9928
7.79995e-05,0.0,329.69,210.32199407000004,-0.043935179710388184,783,463,0.7949966,-4.8265676e-05,1896448,2837.874377012253,1896448,647.1073
2.7052587e-05,0.0,323.32,210.65768274999994,0.11898148059844971,791,464,0.78535557,-0.00012065377,1900544,2843.0472033023834,1900544,815.3256
1.1081125e-05,0.0,307.48,208.48476829000003,0.08602261543273926,789,465,0.7562012,-0.00022813251,1904640,2848.2327873706818,1904640,716.03094
2.489396e-05,0.0,308.16,212.39683633000004,-0.07816171646118164,757,466,0.7778024,-1.6908656e-05,1908736,2853.6380598545074,1908736,352.09164
6.604895e-05,0.0,304.2,216.66689889999995,0.1033487319946289,782,467,0.73157966,-7.6752534e-05,1912832,2858.874230861664,1912832,645.16516
4.6208865e-05,0.0,307.06,223.4702159,0.08935070037841797,776,468,0.78158754,-0.00022905192,1916928,2864.152850151062,1916928,414.62
0.00011929411,0.0,304.56,219.30665412000002,0.12219679355621338,750,469,0.7793343,-0.00029289012,1921024,2869.6127784252167,1921024,736.63617
8.915573e-05,0.0,300.83,218.61083580999994,0.1403801441192627,786,470,0.7102567,-0.00024985825,1925120,2874.8214461803436,1925120,555.11926
0.00010586207,0.0,302.38,219.06686538999998,0.09931719303131104,751,471,0.773159,-0.00013867245,1929216,2880.2716193199158,1929216,416.7129
0.00025509074,0.0,306.48,221.77445336999997,0.10945713520050049,789,472,0.7920302,-0.00037695238,1933312,2885.4600870609283,1933312,721.90906
0.00020897547,0.0,302.93,224.16927617,0.044375061988830566,776,473,0.7841849,-9.899045e-05,1937408,2890.7365026474,1937408,459.00793
7.704403e-05,0.0,302.61,216.55325028,0.09471547603607178,749,474,0.75918454,-0.00023031987,1941504,2896.202718734741,1941504,968.8414
0.00010383017,0.0,300.4,218.7936721,-0.1844538450241089,804,475,0.78457636,-0.00018839569,1945600,2901.2965075969696,1945600,339.44635
0.0006122895,0.0,296.06,216.29472964,0.11990028619766235,765,476,0.72590077,-6.060826e-05,1949696,2906.6482362747192,1949696,630.4233
0.00018157858,0.0,296.31,219.36460995,-0.03843867778778076,793,477,0.718178,-6.84517e-05,1953792,2911.8104939460754,1953792,268.74115
0.00017598942,0.0,297.94,217.35035676000004,0.10362064838409424,762,478,0.65183884,-0.00021540977,1957888,2917.184359073639,1957888,455.0919
0.00016398201,0.0,300.03,214.65547422,0.1312618851661682,815,479,0.686692,-0.00042596107,1961984,2922.2048835754395,1961984,770.22833
7.677302e-05,0.0,298.41,217.20008928,0.15640902519226074,799,480,0.7321382,-5.4697848e-05,1966080,2927.329476594925,1966080,565.0133
3.480869e-05,0.0,290.04,211.38411558000004,0.1657276749610901,843,481,0.7156172,-0.0003059192,1970176,2932.1851541996,1970176,962.94806
0.00010147351,0.0,283.99,204.92693128000002,0.06881910562515259,817,482,0.7282063,-0.0005377303,1974272,2937.194486618042,1974272,957.64075
0.00014935689,0.0,277.29,198.80170294000004,0.1541164517402649,818,483,0.69004774,-0.0002919228,1978368,2942.198834180832,1978368,841.02704
0.00045340465,0.0,271.95,191.17188233000002,0.16994494199752808,767,484,0.68540573,-0.00057359453,1982464,2947.5390129089355,1982464,1108.0295
5.1483978e-05,0.0,268.14,195.42956148999997,0.09993231296539307,820,485,0.74785656,-0.00028439026,1986560,2952.532878637314,1986560,686.63794
0.00013834832,0.0,269.18,196.2254265,0.13727432489395142,798,486,0.6288885,5.7031153e-05,1990656,2957.663912296295,1990656,773.55884
6.715544e-05,0.0,264.28,195.37309785000002,0.12596356868743896,858,487,0.7501876,-0.00019094591,1994752,2962.436218738556,1994752,869.563
3.171524e-05,0.0,266.2,201.36470871,0.10200124979019165,807,488,0.7262049,0.00017155308,1998848,2967.511472940445,1998848,671.39874
